"var","Coef.BottlenoseBloodSkinAge.LogLinear2","Coef.BottlenoseBloodAge.LogLinear2","Coef.BottlenoseSkinAge.LogLinear2","Annotation.Name","CGid","SYMBOL","GeneRegionID","seqnames","probeStart","probeEnd","width","strand","CGstart","CGend","seq","annotation","geneChr","geneStart","geneEnd","geneLength","geneStrand","transcriptId","distanceToTSS","flank_txIds","flank_geneIds","flank_gene_distances","genic","Intergenic","Promoter","fiveUTR","threeUTR","Exon","Intron","downstream","distal_intergenic","main_Categories","CpG_number_on_geneRegion","CpGs_number_on_gene","ENSEMBL","ensembl_gene_id_version","chromosome_name","entrezgene_id","conservationInHuman","CpGislandseqnames","CpGislandstart","CpGislandend","CpGislandwidth","CpGislandstrand","CpGislandlen","CpGislandcount","CpGislandgc","CpGislandoe","CpGislandden","CpGislandpvalue","CpGisland","CG"
"(Intercept)",5.29,0.613,2.932,"Turtru1.0",NA,NA,NA,NA,NA,NA,NA,NA,NA,NA,NA,NA,NA,NA,NA,NA,NA,NA,NA,NA,NA,NA,NA,NA,NA,NA,NA,NA,NA,NA,NA,NA,NA,NA,NA,NA,NA,NA,NA,NA,NA,NA,NA,NA,NA,NA,NA,NA,NA,NA,NA,NA
"cg00200899",0.354,NA,1.024,"Turtru1.0","cg00200899","NOL4","NOL4_Exon","GeneScaffold_547",419771,419820,50,"-",419819,419820,"CAGCTGGAAGCCCTTCGATTTGACCCAGAATTTAAATTTGGCGTTGTCCG","Promoter (<=1kb)",3146,47799,419962,372164,2,"NOL4-201",142,"NOL4-201","NOL4","0",TRUE,FALSE,TRUE,FALSE,FALSE,TRUE,FALSE,FALSE,FALSE,"Exon",11,16,"ENSTTRG00000006957","ENSTTRG00000006957.1","GeneScaffold_547",NA,"conserved gene and region","GeneScaffold_547",419653,419906,254,"*",254,27,0.610236220472441,1.14223850766156,0.106299212598425,1.03549574660992e-16,"CpGisland",TRUE
"cg01893274",-0.444,NA,-0.023,"Turtru1.0","cg01893274",NA,NA,NA,NA,NA,NA,NA,NA,NA,NA,NA,NA,NA,NA,NA,NA,NA,NA,NA,NA,NA,NA,NA,NA,NA,NA,NA,NA,NA,NA,NA,NA,NA,NA,NA,NA,NA,NA,NA,NA,NA,NA,NA,NA,NA,NA,NA,NA,NA,NA,NA
"cg13237109",-0.569,NA,-0.233,"Turtru1.0","cg13237109","SOX5","SOX5_Intron","GeneScaffold_1355",394837,394886,50,"+",394837,394838,"CGCTGACTGAGTTTATCCAAGGTTTGCAAACTGCTATAATAGCCCAGTAT","Intron (SOX5-201/SOX5, intron 3 of 17)",398,162633,557916,395284,2,"SOX5-201",163030,"SOX5-201","SOX5","0",TRUE,FALSE,FALSE,FALSE,FALSE,FALSE,TRUE,FALSE,FALSE,"Intron",27,69,"ENSTTRG00000013040","ENSTTRG00000013040.1","GeneScaffold_1355",NA,"conserved gene and region",NA,NA,NA,NA,NA,NA,NA,NA,NA,NA,NA,NA,TRUE
"cg15974234",-0.325,NA,-0.158,"Turtru1.0","cg15974234",NA,NA,NA,NA,NA,NA,NA,NA,NA,NA,NA,NA,NA,NA,NA,NA,NA,NA,NA,NA,NA,NA,NA,NA,NA,NA,NA,NA,NA,NA,NA,NA,NA,NA,NA,NA,NA,NA,NA,NA,NA,NA,NA,NA,NA,NA,NA,NA,NA,NA,NA
"cg13400013",1.734,NA,0.729,"Turtru1.0","cg13400013","EN1","EN1_Promoter","GeneScaffold_2278",68122,68171,50,"+",68170,68171,"TGTGAATAAAACCCTGGTCAAAAGCTCTGTCACATCGCGCTGGCAAGACG","Promoter (2-3kb)",1423,60769,65122,4354,2,"EN1-201",-3000,"EN1-201","EN1","0",FALSE,TRUE,TRUE,FALSE,FALSE,FALSE,FALSE,FALSE,FALSE,"Promoter",28,39,"ENSTTRG00000001100","ENSTTRG00000001100.1","GeneScaffold_2278",NA,"conserved gene and region","GeneScaffold_2278",68157,68221,65,"*",65,12,0.738461538461539,1.37566137566138,0.184615384615385,8.08745283976854e-11,"CpGisland",TRUE
"cg15976167",-0.12,NA,-0.155,"Turtru1.0","cg15976167",NA,NA,NA,NA,NA,NA,NA,NA,NA,NA,NA,NA,NA,NA,NA,NA,NA,NA,NA,NA,NA,NA,NA,NA,NA,NA,NA,NA,NA,NA,NA,NA,NA,NA,NA,NA,NA,NA,NA,NA,NA,NA,NA,NA,NA,NA,NA,NA,NA,NA,NA
"cg10501210",NA,-0.351,-0.114,"Turtru1.0","cg10501210",NA,NA,NA,NA,NA,NA,NA,NA,NA,NA,NA,NA,NA,NA,NA,NA,NA,NA,NA,NA,NA,NA,NA,NA,NA,NA,NA,NA,NA,NA,NA,NA,NA,NA,NA,NA,NA,NA,NA,NA,NA,NA,NA,NA,NA,NA,NA,NA,NA,NA,NA
"cg07544506",-1.52,NA,NA,"Turtru1.0","cg07544506","NFIB","NFIB_Intron","GeneScaffold_1868",232597,232646,50,"+",232645,232646,"CACTTCACAAACAAAATGGCGGTTCTTGTAGCAACGAAACAGCCGAAGCG","Intron (NFIB-201/NFIB, intron 2 of 11)",967,16539,242841,226303,2,"NFIB-201",10195,"NFIB-201","NFIB","0",TRUE,FALSE,FALSE,FALSE,FALSE,FALSE,TRUE,FALSE,FALSE,"Intron",25,56,NA,NA,NA,NA,"mapped to different genes",NA,NA,NA,NA,NA,NA,NA,NA,NA,NA,NA,NA,TRUE
"cg04184175",-1.092,-0.332,NA,"Turtru1.0","cg04184175","C1D","C1D_Intergenic_downstream","scaffold_98318",31147,31196,50,"+",31147,31148,"CGCTGGCCAGATATGAAAACAAACTTTCACATATAAGGGCTTTTGATACA","Distal Intergenic",6734,189677,199805,10129,2,"C1D-201",168609,NA,NA,NA,FALSE,TRUE,FALSE,FALSE,FALSE,FALSE,FALSE,FALSE,TRUE,"Intergenic_downstream",8,8,"ENSTTRG00000013982","ENSTTRG00000013982.1","scaffold_98318",NA,"mapped to different genes",NA,NA,NA,NA,NA,NA,NA,NA,NA,NA,NA,NA,TRUE
"cg05584808",0.458,0.799,NA,"Turtru1.0","cg05584808","SMUG1","SMUG1_Intergenic_downstream","scaffold_105794",113080,113129,50,"-",113080,113081,"CGGGGCGGCTGGGCCTGCTCTCGGGGTTTAATGATCTGTGCCATTATTTA","Distal Intergenic",4098,92801,94910,2110,1,"SMUG1-201",20328,NA,NA,NA,FALSE,TRUE,FALSE,FALSE,FALSE,FALSE,FALSE,FALSE,TRUE,"Intergenic_downstream",10,13,"ENSTTRG00000004528","ENSTTRG00000004528.1","scaffold_105794",NA,"conserved gene but different region",NA,NA,NA,NA,NA,NA,NA,NA,NA,NA,NA,NA,TRUE
"cg10504143",0.429,1.514,NA,"Turtru1.0","cg10504143","LMX1B","LMX1B_Intron","scaffold_103931",118510,118559,50,"+",118510,118511,"CGCGCCCCGAGGTCTTTCTGAGCAGACTGCTAAGCACTGGCTGTCTCCCC","Intron (LMX1B-201/LMX1B, intron 2 of 6)",3961,66689,143776,77088,2,"LMX1B-201",25217,"LMX1B-201","LMX1B","0",TRUE,FALSE,FALSE,FALSE,FALSE,FALSE,TRUE,FALSE,FALSE,"Intron",19,30,"ENSTTRG00000013199","ENSTTRG00000013199.1","scaffold_103931",NA,"conserved gene and region","scaffold_103931",118396,118513,118,"*",118,19,0.703389830508475,1.30348837209302,0.161016949152542,1.18648339205083e-15,"CpGisland",TRUE
"cg11622231",0.093,0.003,NA,"Turtru1.0","cg11622231","SOBP","SOBP_Exon","GeneScaffold_830",164502,164551,50,"-",164502,164503,"CGCTGCCCATCTTCATGGAGCAGCAGATCATGCAGCAGATCCGCCCGCCC","Exon (SOBP-201/SOBP, exon 6 of 6)",3461,24648,165928,141281,1,"SOBP-201",139854,"SOBP-201","SOBP","0",TRUE,FALSE,FALSE,FALSE,FALSE,TRUE,FALSE,FALSE,FALSE,"Exon",8,16,"ENSTTRG00000008779","ENSTTRG00000008779.1","GeneScaffold_830",NA,"conserved gene and region","GeneScaffold_830",164389,164503,115,"*",115,11,0.68695652173913,0.91799709724238,0.0956521739130435,1.28091281871511e-06,"CpGisland",TRUE
"cg11723266",-0.586,-0.272,NA,"Turtru1.0","cg11723266",NA,NA,NA,NA,NA,NA,NA,NA,NA,NA,NA,NA,NA,NA,NA,NA,NA,NA,NA,NA,NA,NA,NA,NA,NA,NA,NA,NA,NA,NA,NA,NA,NA,NA,NA,NA,NA,NA,NA,NA,NA,NA,NA,NA,NA,NA,NA,NA,NA,NA,NA
"cg12540262",-0.144,-0.034,NA,"Turtru1.0","cg12540262",NA,NA,NA,NA,NA,NA,NA,NA,NA,NA,NA,NA,NA,NA,NA,NA,NA,NA,NA,NA,NA,NA,NA,NA,NA,NA,NA,NA,NA,NA,NA,NA,NA,NA,NA,NA,NA,NA,NA,NA,NA,NA,NA,NA,NA,NA,NA,NA,NA,NA,NA
"cg12841266",1.893,0.702,NA,"Turtru1.0","cg12841266","LHFPL4","LHFPL4_Exon","GeneScaffold_3269",449834,449883,50,"-",449882,449883,"GGATCAGCACCATGGAGAGCAGCACGAAGAAGGCGGCCGCCTTGAAGGCG","Promoter (<=1kb)",2524,421723,450152,28430,2,"LHFPL4-201",269,"LHFPL4-201","LHFPL4","0",TRUE,FALSE,TRUE,FALSE,FALSE,TRUE,FALSE,FALSE,FALSE,"Exon",12,12,"ENSTTRG00000009736","ENSTTRG00000009736.1","GeneScaffold_3269",NA,"conserved gene and region","GeneScaffold_3269",449831,450009,179,"*",179,18,0.664804469273743,0.929065743944637,0.100558659217877,6.819531530804e-11,"CpGisland",TRUE
"cg13502730",0.223,0.127,NA,"Turtru1.0","cg13502730","BARHL2","BARHL2_Intergenic_upstream","scaffold_98741",76103,76152,50,"-",76103,76104,"CGTTTATGGGTCTTTTCATGTTATCAACTTAGCTCATAGCGTGGAACTAA","Distal Intergenic",6773,87632,92316,4685,1,"BARHL2-201",-11529,NA,NA,NA,FALSE,TRUE,FALSE,FALSE,FALSE,FALSE,FALSE,FALSE,TRUE,"Intergenic_upstream",12,30,"ENSTTRG00000012409","ENSTTRG00000012409.1","scaffold_98741",NA,"conserved gene and region",NA,NA,NA,NA,NA,NA,NA,NA,NA,NA,NA,NA,TRUE
"cg17437489",-0.394,-0.188,NA,"Turtru1.0","cg17437489","PBX3","PBX3_Intron","GeneScaffold_2978",944991,945040,50,"+",944991,944992,"CGATGATGTTTGGGATGACAGAAATTAATACGCACTTGCTTGAAGAAAGC","Intron (PBX3-201/PBX3, intron 2 of 9)",2200,927999,1154462,226464,1,"PBX3-201",16992,"PBX3-201","PBX3","0",TRUE,FALSE,FALSE,FALSE,FALSE,FALSE,TRUE,FALSE,FALSE,"Intron",52,67,"ENSTTRG00000017402","ENSTTRG00000017402.1","GeneScaffold_2978",NA,"conserved gene and region",NA,NA,NA,NA,NA,NA,NA,NA,NA,NA,NA,NA,TRUE
"cg17594003.1",-0.698,-0.109,NA,"Turtru1.0","cg17594003.1",NA,NA,NA,NA,NA,NA,NA,NA,NA,NA,NA,NA,NA,NA,NA,NA,NA,NA,NA,NA,NA,NA,NA,NA,NA,NA,NA,NA,NA,NA,NA,NA,NA,NA,NA,NA,NA,NA,NA,NA,NA,NA,NA,NA,NA,NA,NA,NA,NA,NA,NA
"cg18304538",6.536,1.047,NA,"Turtru1.0","cg18304538","TBCA","TBCA_Intergenic_upstream","GeneScaffold_2695",123472,123521,50,"-",123472,123473,"CGAATGAAATGTAATTTGTGCAAGAATTTGTTGTATCTGTCACAAATATT","Distal Intergenic",1886,24063,65311,41249,2,"TBCA-201",-58210,NA,NA,NA,FALSE,TRUE,FALSE,FALSE,FALSE,FALSE,FALSE,FALSE,TRUE,"Intergenic_upstream",32,32,"ENSTTRG00000006911","ENSTTRG00000006911.1","GeneScaffold_2695",NA,"conserved gene but different region",NA,NA,NA,NA,NA,NA,NA,NA,NA,NA,NA,NA,TRUE
"cg25430089",-0.638,-0.093,NA,"Turtru1.0","cg25430089","PBX3","PBX3_Intron","GeneScaffold_2978",944973,945022,50,"-",944973,944974,"CGGTGCTGTAACAATACTCGATGATGTTTGGGATGACAGAAATTAATACG","Intron (PBX3-201/PBX3, intron 2 of 9)",2200,927999,1154462,226464,1,"PBX3-201",16974,"PBX3-201","PBX3","0",TRUE,FALSE,FALSE,FALSE,FALSE,FALSE,TRUE,FALSE,FALSE,"Intron",52,67,"ENSTTRG00000017402","ENSTTRG00000017402.1","GeneScaffold_2978",NA,"conserved gene and region",NA,NA,NA,NA,NA,NA,NA,NA,NA,NA,NA,NA,TRUE
"cg19981759",0.226,NA,NA,"Turtru1.0","cg19981759","ZIC1","ZIC1_Promoter","scaffold_91126",124290,124339,50,"-",124338,124339,"AATTCATTTATCTGCAGGAATGATTGCTGCTATCAGTCTCGCGCTCACCG","Promoter (<=1kb)",6294,125091,128634,3544,1,"ZIC1-201",-801,"ZIC1-201","ZIC1","0",FALSE,TRUE,TRUE,FALSE,FALSE,FALSE,FALSE,FALSE,FALSE,"Promoter",22,28,NA,NA,NA,NA,"mapped to different genes",NA,NA,NA,NA,NA,NA,NA,NA,NA,NA,NA,NA,TRUE
"cg08563010",-0.269,NA,NA,"Turtru1.0","cg08563010","SOX5","SOX5_Intron","GeneScaffold_1355",527774,527823,50,"+",527822,527823,"TTCTGTTTCACTTGTTGGCAAACTTACATTTCAAAACAACAACAAAAACG","Intron (SOX5-201/SOX5, intron 1 of 17)",398,162633,557916,395284,2,"SOX5-201",30093,"SOX5-201","SOX5","0",TRUE,FALSE,FALSE,FALSE,FALSE,FALSE,TRUE,FALSE,FALSE,"Intron",27,69,"ENSTTRG00000013040","ENSTTRG00000013040.1","GeneScaffold_1355",NA,"conserved gene and region",NA,NA,NA,NA,NA,NA,NA,NA,NA,NA,NA,NA,TRUE
"cg00473176",-0.542,NA,NA,"Turtru1.0","cg00473176","TMEM164","TMEM164_Exon","GeneScaffold_2127",12292,12341,50,"+",12340,12341,"TGGCTCTGTTGGAGATCCTGGTGGCCCTGCGGCACATCCTGAGGCAGACG","Promoter (<=1kb)",1256,12150,152492,140343,1,"TMEM164-201",142,"TMEM164-201","TMEM164","0",TRUE,FALSE,TRUE,FALSE,FALSE,TRUE,FALSE,FALSE,FALSE,"Exon",14,15,"ENSTTRG00000010360","ENSTTRG00000010360.1","GeneScaffold_2127",NA,"conserved gene and region",NA,NA,NA,NA,NA,NA,NA,NA,NA,NA,NA,NA,TRUE
"cg00493831",1.791,NA,NA,"Turtru1.0","cg00493831","HES5","HES5_Promoter","GeneScaffold_932",183137,183186,50,"+",183185,183186,"GTTCCCAACCTCTGAAAGGCAGACAAGCCCTTTATTGCTCTATTATAACG","Promoter (9-10kb)",3574,173277,173822,546,2,"HES5-201",-9315,NA,NA,NA,FALSE,TRUE,TRUE,FALSE,FALSE,FALSE,FALSE,FALSE,FALSE,"Promoter",2,3,"ENSTTRG00000003782","ENSTTRG00000003782.1","GeneScaffold_932",NA,"conserved gene but different region",NA,NA,NA,NA,NA,NA,NA,NA,NA,NA,NA,NA,TRUE
"cg26062663",1.42,NA,NA,"Turtru1.0","cg26062663",NA,NA,NA,NA,NA,NA,NA,NA,NA,NA,NA,NA,NA,NA,NA,NA,NA,NA,NA,NA,NA,NA,NA,NA,NA,NA,NA,NA,NA,NA,NA,NA,NA,NA,NA,NA,NA,NA,NA,NA,NA,NA,NA,NA,NA,NA,NA,NA,NA,NA,NA
"cg02317025",0.742,NA,NA,"Turtru1.0","cg02317025","NEUROD1","NEUROD1_Promoter","GeneScaffold_901",466248,466297,50,"-",466248,466249,"CGGAGCGCTCCATTCCGGCCCCTTTGTGGCCAGAAGAAAGTGGCCCATCT","Promoter (2-3kb)",3540,463201,464271,1071,2,"NEUROD1-201",-2026,"NEUROD1-201","NEUROD1","0",FALSE,TRUE,TRUE,FALSE,FALSE,FALSE,FALSE,FALSE,FALSE,"Promoter",11,12,NA,NA,NA,NA,"mapped to different genes",NA,NA,NA,NA,NA,NA,NA,NA,NA,NA,NA,NA,TRUE
"cg02334175",-1.284,NA,NA,"Turtru1.0","cg02334175",NA,NA,NA,NA,NA,NA,NA,NA,NA,NA,NA,NA,NA,NA,NA,NA,NA,NA,NA,NA,NA,NA,NA,NA,NA,NA,NA,NA,NA,NA,NA,NA,NA,NA,NA,NA,NA,NA,NA,NA,NA,NA,NA,NA,NA,NA,NA,NA,NA,NA,NA
"cg04041705",-0.268,NA,NA,"Turtru1.0","cg04041705","SKAP1","SKAP1_Intron","GeneScaffold_740",153296,153345,50,"+",153344,153345,"CCGCAGTACCAGCCTCAGGCACCACAACACAATTTGGAAACAATGTGACG","Intron (SKAP1-201/SKAP1, intron 10 of 10)",3361,145262,387645,242384,2,"SKAP1-201",234300,"SKAP1-201","SKAP1","0",TRUE,FALSE,FALSE,FALSE,FALSE,FALSE,TRUE,FALSE,FALSE,"Intron",36,36,"ENSTTRG00000016556","ENSTTRG00000016556.1","GeneScaffold_740",NA,"conserved gene and region",NA,NA,NA,NA,NA,NA,NA,NA,NA,NA,NA,NA,TRUE
"cg11857072",-0.12,NA,NA,"Turtru1.0","cg11857072","THRA","THRA_Exon","GeneScaffold_3486",107364,107413,50,"-",107412,107413,"AAGTGCAGAGTTCGATTCTGTACAAGGGGGCAGCGGCAGAAGGCCGGCCG","Exon (THRA-201/THRA, exon 9 of 10)",2765,93979,107724,13746,1,"THRA-201",13385,"THRA-201;NR1D1-201","THRA;NR1D1","0;0",TRUE,FALSE,FALSE,FALSE,FALSE,TRUE,FALSE,FALSE,FALSE,"Exon",11,16,"ENSTTRG00000016893","ENSTTRG00000016893.1","GeneScaffold_3486",NA,"conserved gene but different region","GeneScaffold_3486",107345,107487,143,"*",143,12,0.622377622377622,0.907936507936508,0.0839160839160839,1.51078565765415e-06,"CpGisland",TRUE
"cg05463929",0.855,NA,NA,"Turtru1.0","cg05463929","SLC30A9","SLC30A9_Intergenic_upstream","GeneScaffold_182",474745,474794,50,"-",474745,474746,"CGGCGCCACTCGATTCCGGGATAATTTTTAATATATATGCAATAAATGTT","Distal Intergenic",914,575562,647215,71654,1,"SLC30A9-201",-100817,NA,NA,NA,FALSE,TRUE,FALSE,FALSE,FALSE,FALSE,FALSE,FALSE,TRUE,"Intergenic_upstream",11,11,"ENSTTRG00000003877","ENSTTRG00000003877.1","GeneScaffold_182",NA,"mapped to different genes",NA,NA,NA,NA,NA,NA,NA,NA,NA,NA,NA,NA,TRUE
"cg12763898",0.623,NA,NA,"Turtru1.0","cg12763898",NA,NA,NA,NA,NA,NA,NA,NA,NA,NA,NA,NA,NA,NA,NA,NA,NA,NA,NA,NA,NA,NA,NA,NA,NA,NA,NA,NA,NA,NA,NA,NA,NA,NA,NA,NA,NA,NA,NA,NA,NA,NA,NA,NA,NA,NA,NA,NA,NA,NA,NA
"cg05991926",-0.34,NA,NA,"Turtru1.0","cg05991926","gene:ENSTTRG00000000217","gene:ENSTTRG00000000217_Intergenic_downstream","scaffold_108377",91803,91852,50,"+",91851,91852,"AGTCATGGAAACATTCCCCAGACTGACACTAATCGGGGGCACATCTGGCG","Distal Intergenic",4363,47373,48810,1438,1,"transcript:ENSTTRT00000000216",44430,NA,NA,NA,FALSE,TRUE,FALSE,FALSE,FALSE,FALSE,FALSE,FALSE,TRUE,"Intergenic_downstream",7,9,NA,NA,NA,NA,"mapped to different genes",NA,NA,NA,NA,NA,NA,NA,NA,NA,NA,NA,NA,TRUE
"cg07366921",-1.712,NA,NA,"Turtru1.0","cg07366921","KIF12","KIF12_Intergenic_upstream","GeneScaffold_2131",170416,170465,50,"-",170416,170417,"CGTTATCTGCCAAGTTCAAGAATGTGGTTTGAAAAAATAGAATTTAAAGG","Distal Intergenic",1261,152387,159810,7424,2,"KIF12-201",-10655,NA,NA,NA,FALSE,TRUE,FALSE,FALSE,FALSE,FALSE,FALSE,FALSE,TRUE,"Intergenic_upstream",1,1,"ENSTTRG00000005411","ENSTTRG00000005411.1","GeneScaffold_2131",NA,"conserved gene and region",NA,NA,NA,NA,NA,NA,NA,NA,NA,NA,NA,NA,TRUE
"cg03524277",NA,-0.701,NA,"Turtru1.0","cg03524277","DDR2","DDR2_Exon","GeneScaffold_2260",44013,44062,50,"+",44013,44014,"CGGTGCCTCTCCACCACCGAATGGCCAGTGCCATCAAGTGTCAATACCAT","Exon (DDR2-201/DDR2, exon 7 of 19)",1404,5848,64330,58483,1,"DDR2-201",38165,"DDR2-201","DDR2","0",TRUE,FALSE,FALSE,FALSE,FALSE,TRUE,FALSE,FALSE,FALSE,"Exon",3,3,"ENSTTRG00000011042","ENSTTRG00000011042.1","GeneScaffold_2260",NA,"conserved gene and region",NA,NA,NA,NA,NA,NA,NA,NA,NA,NA,NA,NA,TRUE
"cg03537184",NA,-0.534,NA,"Turtru1.0","cg03537184","UBP1","UBP1_Intron","GeneScaffold_3044",728071,728120,50,"-",728119,728120,"ATACCCAGATTCTGCAACTTACAATCACAGATCCGTTTGCAAATCAGTCG","Intron (NA, intron 9 of 0)",2275,508647,560690,52044,2,"UBP1-201",-167430,NA,NA,NA,TRUE,FALSE,FALSE,FALSE,FALSE,FALSE,TRUE,FALSE,FALSE,"Intron",2,6,"ENSTTRG00000016791","ENSTTRG00000016791.1","GeneScaffold_3044",NA,"mapped to different genes",NA,NA,NA,NA,NA,NA,NA,NA,NA,NA,NA,NA,TRUE
"cg09363187",0.145,NA,NA,"Turtru1.0","cg09363187",NA,NA,NA,NA,NA,NA,NA,NA,NA,NA,NA,NA,NA,NA,NA,NA,NA,NA,NA,NA,NA,NA,NA,NA,NA,NA,NA,NA,NA,NA,NA,NA,NA,NA,NA,NA,NA,NA,NA,NA,NA,NA,NA,NA,NA,NA,NA,NA,NA,NA,NA
"cg09497746",3.569,NA,NA,"Turtru1.0","cg09497746","URAD","URAD_Intergenic_downstream","GeneScaffold_1568",74403,74452,50,"+",74451,74452,"TTACAAGACTCTATTAGTAATGACACAGACACCAATGGTTGGAGACGTCG","Distal Intergenic",634,82940,90659,7720,2,"URAD-201",16207,NA,NA,NA,FALSE,TRUE,FALSE,FALSE,FALSE,FALSE,FALSE,FALSE,TRUE,"Intergenic_downstream",6,6,"ENSTTRG00000002812","ENSTTRG00000002812.1","GeneScaffold_1568",NA,"mapped to different genes","GeneScaffold_1568",74448,74492,45,"*",45,8,0.711111111111111,1.45748987854251,0.177777777777778,4.26906949703054e-07,"CpGisland",TRUE
"cg15675612",NA,-0.026,NA,"Turtru1.0","cg15675612","HECW2","HECW2_Exon","GeneScaffold_3304",591219,591268,50,"-",591267,591268,"CGGACTTTGGTGATCATGTGCTTCAAACACGTGTTGTTTGTAAACATGCG","Exon (HECW2-201/HECW2, exon 13 of 28)",2564,494876,735741,240866,2,"HECW2-201",144473,"HECW2-201","HECW2","0",TRUE,FALSE,FALSE,FALSE,FALSE,TRUE,FALSE,FALSE,FALSE,"Exon",6,6,"ENSTTRG00000017382","ENSTTRG00000017382.1","GeneScaffold_3304",NA,"conserved gene but different region",NA,NA,NA,NA,NA,NA,NA,NA,NA,NA,NA,NA,TRUE
"cg10975089",-0.353,NA,NA,"Turtru1.0","cg10975089","TLE1","TLE1_Intron","GeneScaffold_3299",126682,126731,50,"+",126730,126731,"GGCGGCAAAAAGCATCAATTTGAGCTTGGCTACACCCTGGGGGCCAGACG","Intron (TLE1-201/TLE1, intron 4 of 23)",2557,42210,131432,89223,2,"TLE1-201",4701,"TLE1-201","TLE1","0",TRUE,FALSE,FALSE,FALSE,FALSE,FALSE,TRUE,FALSE,FALSE,"Intron",10,22,"ENSTTRG00000016070","ENSTTRG00000016070.1","GeneScaffold_3299",NA,"conserved gene and region",NA,NA,NA,NA,NA,NA,NA,NA,NA,NA,NA,NA,TRUE
"cg26931581",3.72,NA,NA,"Turtru1.0","cg26931581",NA,NA,NA,NA,NA,NA,NA,NA,NA,NA,NA,NA,NA,NA,NA,NA,NA,NA,NA,NA,NA,NA,NA,NA,NA,NA,NA,NA,NA,NA,NA,NA,NA,NA,NA,NA,NA,NA,NA,NA,NA,NA,NA,NA,NA,NA,NA,NA,NA,NA,NA
"cg27201382",1.632,NA,NA,"Turtru1.0","cg27201382",NA,NA,NA,NA,NA,NA,NA,NA,NA,NA,NA,NA,NA,NA,NA,NA,NA,NA,NA,NA,NA,NA,NA,NA,NA,NA,NA,NA,NA,NA,NA,NA,NA,NA,NA,NA,NA,NA,NA,NA,NA,NA,NA,NA,NA,NA,NA,NA,NA,NA,NA
"cg18039160",-0.105,NA,NA,"Turtru1.0","cg18039160",NA,NA,NA,NA,NA,NA,NA,NA,NA,NA,NA,NA,NA,NA,NA,NA,NA,NA,NA,NA,NA,NA,NA,NA,NA,NA,NA,NA,NA,NA,NA,NA,NA,NA,NA,NA,NA,NA,NA,NA,NA,NA,NA,NA,NA,NA,NA,NA,NA,NA,NA
"cg18092286",-0.225,NA,NA,"Turtru1.0","cg18092286","WEE1","WEE1_Exon","GeneScaffold_3502",141272,141321,50,"-",141320,141321,"ACTGACCGGATGGCCACTAGGTCCACCACCCAGAGTAATAGAACATCTCG","Exon (WEE1-201/WEE1, exon 12 of 12)",2784,128018,141370,13353,1,"WEE1-201",13254,"WEE1-201","WEE1","0",TRUE,FALSE,FALSE,FALSE,FALSE,TRUE,FALSE,FALSE,FALSE,"Exon",2,2,NA,NA,NA,NA,"mapped to different genes",NA,NA,NA,NA,NA,NA,NA,NA,NA,NA,NA,NA,TRUE
"cg00301020",NA,-0.047,NA,"Turtru1.0","cg00301020","RASEF","RASEF_Intergenic_downstream","GeneScaffold_2418",30742,30791,50,"+",30790,30791,"AAACACATCTGCCAACATAAAGTATTGGAGCAATCACAGCTCAGTGAACG","Distal Intergenic",1579,129118,223885,94768,2,"RASEF-201",193094,NA,NA,NA,FALSE,TRUE,FALSE,FALSE,FALSE,FALSE,FALSE,FALSE,TRUE,"Intergenic_downstream",2,2,"ENSTTRG00000002061","ENSTTRG00000002061.1","GeneScaffold_2418",NA,"conserved gene and region",NA,NA,NA,NA,NA,NA,NA,NA,NA,NA,NA,NA,TRUE
"cg12807727",-0.238,NA,NA,"Turtru1.0","cg12807727",NA,NA,NA,NA,NA,NA,NA,NA,NA,NA,NA,NA,NA,NA,NA,NA,NA,NA,NA,NA,NA,NA,NA,NA,NA,NA,NA,NA,NA,NA,NA,NA,NA,NA,NA,NA,NA,NA,NA,NA,NA,NA,NA,NA,NA,NA,NA,NA,NA,NA,NA
"cg19834279",-0.315,NA,NA,"Turtru1.0","cg19834279","JAG1","JAG1_Exon","scaffold_105800",34278,34327,50,"-",34326,34327,"CCCGAGGACTATGAGGGCAAGAACTGCTCACACCTGAAAGACCACTGCCG","Exon (JAG1-201/JAG1, exon 13 of 26)",4099,8994,42401,33408,1,"JAG1-201",25284,"JAG1-201","JAG1","0",TRUE,FALSE,FALSE,FALSE,FALSE,TRUE,FALSE,FALSE,FALSE,"Exon",2,8,"ENSTTRG00000006190","ENSTTRG00000006190.1","scaffold_105800",NA,"conserved gene but different region",NA,NA,NA,NA,NA,NA,NA,NA,NA,NA,NA,NA,TRUE
"cg10749945",NA,0.052,NA,"Turtru1.0","cg10749945",NA,NA,NA,NA,NA,NA,NA,NA,NA,NA,NA,NA,NA,NA,NA,NA,NA,NA,NA,NA,NA,NA,NA,NA,NA,NA,NA,NA,NA,NA,NA,NA,NA,NA,NA,NA,NA,NA,NA,NA,NA,NA,NA,NA,NA,NA,NA,NA,NA,NA,NA
"cg10918171",NA,0.007,NA,"Turtru1.0","cg10918171",NA,NA,NA,NA,NA,NA,NA,NA,NA,NA,NA,NA,NA,NA,NA,NA,NA,NA,NA,NA,NA,NA,NA,NA,NA,NA,NA,NA,NA,NA,NA,NA,NA,NA,NA,NA,NA,NA,NA,NA,NA,NA,NA,NA,NA,NA,NA,NA,NA,NA,NA
"cg13433278",0.656,NA,NA,"Turtru1.0","cg13433278","DLX1","DLX1_Intergenic_downstream","scaffold_111745",414643,414692,50,"+",414643,414644,"CGCTTGCAGAATAGGACTGAAATTTTCGGCTATATAGCCTCTGTCTTTAT","Distal Intergenic",4792,406297,408885,2589,1,"DLX1-201",8346,NA,NA,NA,FALSE,TRUE,FALSE,FALSE,FALSE,FALSE,FALSE,FALSE,TRUE,"Intergenic_downstream",16,37,"ENSTTRG00000011374","ENSTTRG00000011374.1","scaffold_111745",NA,"conserved gene and region",NA,NA,NA,NA,NA,NA,NA,NA,NA,NA,NA,NA,TRUE
"cg19489331",-0.665,NA,NA,"Turtru1.0","cg19489331","CDK14","CDK14_Intergenic_downstream","GeneScaffold_164",310287,310336,50,"-",310335,310336,"GTCAAAAAGGCTAGTTAGCAGGAGCTGTCGAAAAATGCCAGCAGCATTCG","Distal Intergenic",714,4738,300956,296219,1,"CDK14-201",305598,NA,NA,NA,FALSE,TRUE,FALSE,FALSE,FALSE,FALSE,FALSE,FALSE,TRUE,"Intergenic_downstream",7,13,"ENSTTRG00000009813","ENSTTRG00000009813.1","GeneScaffold_164",NA,"conserved gene but different region",NA,NA,NA,NA,NA,NA,NA,NA,NA,NA,NA,NA,TRUE
"cg19965683",NA,-0.07,NA,"Turtru1.0","cg19965683",NA,NA,NA,NA,NA,NA,NA,NA,NA,NA,NA,NA,NA,NA,NA,NA,NA,NA,NA,NA,NA,NA,NA,NA,NA,NA,NA,NA,NA,NA,NA,NA,NA,NA,NA,NA,NA,NA,NA,NA,NA,NA,NA,NA,NA,NA,NA,NA,NA,NA,NA
"cg23449696",0.558,NA,NA,"Turtru1.0","cg23449696","ZIC1","ZIC1_Promoter","scaffold_91126",123109,123158,50,"-",123109,123110,"CGTCCTGGTGTGGCGAGTTGCGGAATTTCAATAACTGTGACAAGGGTGAC","Promoter (1-2kb)",6294,125091,128634,3544,1,"ZIC1-201",-1982,"ZIC1-201","ZIC1","0",FALSE,TRUE,TRUE,FALSE,FALSE,FALSE,FALSE,FALSE,FALSE,"Promoter",22,28,NA,NA,NA,NA,"mapped to different genes",NA,NA,NA,NA,NA,NA,NA,NA,NA,NA,NA,NA,TRUE
"cg23576695",-0.002,NA,NA,"Turtru1.0","cg23576695","CHN1","CHN1_Intron","GeneScaffold_1529",119583,119632,50,"+",119631,119632,"GGAGAACCCAGTTTCATTCCCAAGGCTGCTATCAATAAATCTTGCTGACG","Intron (CHN1-201/CHN1, intron 3 of 9)",591,69501,179967,110467,2,"CHN1-201",60335,"CHN1-201","CHN1","0",TRUE,FALSE,FALSE,FALSE,FALSE,FALSE,TRUE,FALSE,FALSE,"Intron",2,4,"ENSTTRG00000000406","ENSTTRG00000000406.1","GeneScaffold_1529",NA,"conserved gene but different region",NA,NA,NA,NA,NA,NA,NA,NA,NA,NA,NA,NA,TRUE
"cg27557124",-0.133,NA,NA,"Turtru1.0","cg27557124","TRAF3IP2","TRAF3IP2_Intergenic_downstream","GeneScaffold_2773",296434,296483,50,"+",296434,296435,"CGTGATCCACTTCATCAACCAAATGGAACTGGGAGAATAAGTCACCCTAA","Distal Intergenic",1973,310009,345876,35868,2,"TRAF3IP2-201",49393,NA,NA,NA,FALSE,TRUE,FALSE,FALSE,FALSE,FALSE,FALSE,FALSE,TRUE,"Intergenic_downstream",2,2,"ENSTTRG00000014546","ENSTTRG00000014546.1","GeneScaffold_2773",NA,"mapped to different genes",NA,NA,NA,NA,NA,NA,NA,NA,NA,NA,NA,NA,TRUE
"cg26679061",1.25,NA,NA,"Turtru1.0","cg26679061","EXOSC2","EXOSC2_Intron","GeneScaffold_709",113473,113522,50,"-",113521,113522,"CTACAGCATTCTTCCAGGGCTAATGAATTTAGAATTAGCAATTTCTTTCG","Intron (NA, intron 1 of 0)",3326,136264,149297,13034,1,"EXOSC2-201",-22791,NA,NA,NA,TRUE,FALSE,FALSE,FALSE,FALSE,FALSE,TRUE,FALSE,FALSE,"Intron",5,10,"ENSTTRG00000015159","ENSTTRG00000015159.1","GeneScaffold_709",NA,"mapped to different genes","GeneScaffold_709",113521,113624,104,"*",104,11,0.596153846153846,1.21058201058201,0.105769230769231,4.46763061081914e-07,"CpGisland",TRUE
"cg07213500",NA,0.002,NA,"Turtru1.0","cg07213500","SMG6","SMG6_Intron","GeneScaffold_3179",328911,328960,50,"-",328959,328960,"GTCCCGGCTGCAGAGACAAGCACCGGATGTGATAGGGCTGCTCAGGGCCG","Intron (SMG6-201/SMG6, intron 13 of 20)",2424,214332,438858,224527,2,"SMG6-201",109898,"SMG6-201","SMG6","0",TRUE,FALSE,FALSE,FALSE,FALSE,FALSE,TRUE,FALSE,FALSE,"Intron",30,33,"ENSTTRG00000001175","ENSTTRG00000001175.1","GeneScaffold_3179",NA,"conserved gene and region",NA,NA,NA,NA,NA,NA,NA,NA,NA,NA,NA,NA,TRUE
"cg09296085",NA,-0.024,NA,"Turtru1.0","cg09296085","PDZRN4","PDZRN4_Intron","GeneScaffold_72",540322,540371,50,"+",540370,540371,"ACCTATTGAAAGTAATAGGCCAATGAGCAAATTGCTACTGTGGGACATCG","Intron (PDZRN4-201/PDZRN4, intron 6 of 12)",3338,368739,737408,368670,1,"PDZRN4-201",171583,"PDZRN4-201","PDZRN4","0",TRUE,FALSE,FALSE,FALSE,FALSE,FALSE,TRUE,FALSE,FALSE,"Intron",6,6,"ENSTTRG00000007447","ENSTTRG00000007447.1","GeneScaffold_72",NA,"conserved gene and region",NA,NA,NA,NA,NA,NA,NA,NA,NA,NA,NA,NA,TRUE
"cg00801362",NA,-0.22,NA,"Turtru1.0","cg00801362",NA,NA,NA,NA,NA,NA,NA,NA,NA,NA,NA,NA,NA,NA,NA,NA,NA,NA,NA,NA,NA,NA,NA,NA,NA,NA,NA,NA,NA,NA,NA,NA,NA,NA,NA,NA,NA,NA,NA,NA,NA,NA,NA,NA,NA,NA,NA,NA,NA,NA,NA
"cg01965931",NA,0.001,NA,"Turtru1.0","cg01965931","ALG6","ALG6_Intergenic_upstream","GeneScaffold_405",13530,13579,50,"-",13578,13579,"AGAGATTAGCACAATAGATCTCTAACCGAGGGGAAGCGTTGCTTTTCACG","Distal Intergenic",2989,50009,104422,54414,1,"ALG6-201",-36479,NA,NA,NA,FALSE,TRUE,FALSE,FALSE,FALSE,FALSE,FALSE,FALSE,TRUE,"Intergenic_upstream",11,11,"ENSTTRG00000007478","ENSTTRG00000007478.1","GeneScaffold_405",NA,"mapped to different genes",NA,NA,NA,NA,NA,NA,NA,NA,NA,NA,NA,NA,TRUE
"cg18473521.2",NA,0.135,NA,"Turtru1.0","cg18473521.2","HOXC4","HOXC4_Promoter","scaffold_105794",213715,213764,50,"+",213763,213764,"TTACCCATTCTCGCTCGTAAATCCAGTTCAATTGTGCTAACCCAGAGTCG","Promoter (<=1kb)",4098,213035,214322,1288,2,"HOXC4-201",558,"HOXC4-201","HOXC4","0",TRUE,FALSE,TRUE,FALSE,FALSE,FALSE,TRUE,FALSE,FALSE,"Promoter",33,63,NA,NA,NA,NA,"mapped to different genes",NA,NA,NA,NA,NA,NA,NA,NA,NA,NA,NA,NA,TRUE
"cg14115575",NA,0.392,NA,"Turtru1.0","cg14115575",NA,NA,NA,NA,NA,NA,NA,NA,NA,NA,NA,NA,NA,NA,NA,NA,NA,NA,NA,NA,NA,NA,NA,NA,NA,NA,NA,NA,NA,NA,NA,NA,NA,NA,NA,NA,NA,NA,NA,NA,NA,NA,NA,NA,NA,NA,NA,NA,NA,NA,NA
"cg11084334",NA,0.901,NA,"Turtru1.0","cg11084334","LHFPL4","LHFPL4_Exon","GeneScaffold_3269",450005,450054,50,"+",450053,450054,"TGTCGCCCACCCAGTAGGGCTGGATGAAGACCACCACGTTGATGATGGCG","Promoter (<=1kb)",2524,421723,450152,28430,2,"LHFPL4-201",98,"LHFPL4-201","LHFPL4","0",TRUE,FALSE,TRUE,FALSE,FALSE,TRUE,FALSE,FALSE,FALSE,"Exon",12,12,"ENSTTRG00000009736","ENSTTRG00000009736.1","GeneScaffold_3269",NA,"conserved gene and region",NA,NA,NA,NA,NA,NA,NA,NA,NA,NA,NA,NA,TRUE
"cg04633983",NA,0.169,NA,"Turtru1.0","cg04633983","BARHL2","BARHL2_Intergenic_upstream","scaffold_98741",76210,76259,50,"-",76258,76259,"TCTCATCCACTAATGATTTCCCTTTAGTCTATTTTCTGTCTCATTGGCCG","Distal Intergenic",6773,87632,92316,4685,1,"BARHL2-201",-11422,NA,NA,NA,FALSE,TRUE,FALSE,FALSE,FALSE,FALSE,FALSE,FALSE,TRUE,"Intergenic_upstream",12,30,"ENSTTRG00000012409","ENSTTRG00000012409.1","scaffold_98741",NA,"conserved gene and region",NA,NA,NA,NA,NA,NA,NA,NA,NA,NA,NA,NA,TRUE
"cg26554534",NA,-0.34,NA,"Turtru1.0","cg26554534",NA,NA,NA,NA,NA,NA,NA,NA,NA,NA,NA,NA,NA,NA,NA,NA,NA,NA,NA,NA,NA,NA,NA,NA,NA,NA,NA,NA,NA,NA,NA,NA,NA,NA,NA,NA,NA,NA,NA,NA,NA,NA,NA,NA,NA,NA,NA,NA,NA,NA,NA
"cg06569016",NA,0.507,NA,"Turtru1.0","cg06569016","SMG6","SMG6_Intron","GeneScaffold_3179",328917,328966,50,"+",328965,328966,"GCTGCAGAGACAAGCACCGGATGTGATAGGGCTGCTCAGGGCCGCCTCCG","Intron (SMG6-201/SMG6, intron 13 of 20)",2424,214332,438858,224527,2,"SMG6-201",109892,"SMG6-201","SMG6","0",TRUE,FALSE,FALSE,FALSE,FALSE,FALSE,TRUE,FALSE,FALSE,"Intron",30,33,"ENSTTRG00000001175","ENSTTRG00000001175.1","GeneScaffold_3179",NA,"conserved gene and region",NA,NA,NA,NA,NA,NA,NA,NA,NA,NA,NA,NA,TRUE
"cg06742640",NA,-0.003,NA,"Turtru1.0","cg06742640",NA,NA,NA,NA,NA,NA,NA,NA,NA,NA,NA,NA,NA,NA,NA,NA,NA,NA,NA,NA,NA,NA,NA,NA,NA,NA,NA,NA,NA,NA,NA,NA,NA,NA,NA,NA,NA,NA,NA,NA,NA,NA,NA,NA,NA,NA,NA,NA,NA,NA,NA
"cg06750335",NA,-0.054,NA,"Turtru1.0","cg06750335",NA,NA,NA,NA,NA,NA,NA,NA,NA,NA,NA,NA,NA,NA,NA,NA,NA,NA,NA,NA,NA,NA,NA,NA,NA,NA,NA,NA,NA,NA,NA,NA,NA,NA,NA,NA,NA,NA,NA,NA,NA,NA,NA,NA,NA,NA,NA,NA,NA,NA,NA
"cg06836529",NA,-0.113,NA,"Turtru1.0","cg06836529",NA,NA,NA,NA,NA,NA,NA,NA,NA,NA,NA,NA,NA,NA,NA,NA,NA,NA,NA,NA,NA,NA,NA,NA,NA,NA,NA,NA,NA,NA,NA,NA,NA,NA,NA,NA,NA,NA,NA,NA,NA,NA,NA,NA,NA,NA,NA,NA,NA,NA,NA
"cg17997082",NA,0.17,NA,"Turtru1.0","cg17997082","gene:ENSTTRG00000003947","gene:ENSTTRG00000003947_Promoter","scaffold_98541",11265,11314,50,"-",11313,11314,"TGTTTATTCATTAGATCTTTAGAAAATCTACATTGCCTCCAGACAGCGCG","Promoter (9-10kb)",6755,20862,21485,624,1,"transcript:ENSTTRT00000003942",-9597,NA,NA,NA,FALSE,TRUE,TRUE,FALSE,FALSE,FALSE,FALSE,FALSE,FALSE,"Promoter",13,21,NA,NA,NA,NA,"mapped to different genes",NA,NA,NA,NA,NA,NA,NA,NA,NA,NA,NA,NA,TRUE
"cg12879445",NA,0.11,NA,"Turtru1.0","cg12879445",NA,NA,NA,NA,NA,NA,NA,NA,NA,NA,NA,NA,NA,NA,NA,NA,NA,NA,NA,NA,NA,NA,NA,NA,NA,NA,NA,NA,NA,NA,NA,NA,NA,NA,NA,NA,NA,NA,NA,NA,NA,NA,NA,NA,NA,NA,NA,NA,NA,NA,NA
"cg12946225",NA,0.142,NA,"Turtru1.0","cg12946225","HMG20B","HMG20B_Exon","GeneScaffold_653",34780,34829,50,"-",34828,34829,"AAGGCTCCGGGCCAGCATGGGGGCTTCGTGGTGACTGTCAAGCAAGAGCG","Promoter (<=1kb)",3264,34022,38900,4879,1,"HMG20B-201",758,"HMG20B-201","HMG20B","0",TRUE,FALSE,TRUE,FALSE,FALSE,TRUE,FALSE,FALSE,FALSE,"Exon",1,1,"ENSTTRG00000008832","ENSTTRG00000008832.1","GeneScaffold_653",NA,"conserved gene but different region",NA,NA,NA,NA,NA,NA,NA,NA,NA,NA,NA,NA,TRUE
"cg13367380",NA,0.135,NA,"Turtru1.0","cg13367380","TRPC4AP","TRPC4AP_Exon","GeneScaffold_1251",199786,199835,50,"-",199834,199835,"ATCTGGTCTGCATAGGAGGTGGTCCCTCGGAGGAAACTCTCCACAGCCCG","Exon (TRPC4AP-201/TRPC4AP, exon 17 of 22)",283,195554,267970,72417,2,"TRPC4AP-201",68135,"TRPC4AP-201","TRPC4AP","0",TRUE,FALSE,FALSE,FALSE,FALSE,TRUE,FALSE,FALSE,FALSE,"Exon",4,4,"ENSTTRG00000014199","ENSTTRG00000014199.1","GeneScaffold_1251",NA,"conserved gene and region",NA,NA,NA,NA,NA,NA,NA,NA,NA,NA,NA,NA,TRUE
"cg27088374",NA,-0.089,NA,"Turtru1.0","cg27088374","CLINT1","CLINT1_Exon","scaffold_115122",250501,250550,50,"-",250501,250502,"CGAATGTTAAAAGACAACAAAAAGAATTGGAGAAGAGTTTATAAGGTATG","Promoter (<=1kb)",5264,249833,276798,26966,1,"CLINT1-201",668,"CLINT1-201","CLINT1","0",TRUE,FALSE,TRUE,FALSE,FALSE,TRUE,TRUE,FALSE,FALSE,"Exon",5,9,NA,NA,NA,NA,"mapped to different genes",NA,NA,NA,NA,NA,NA,NA,NA,NA,NA,NA,NA,TRUE
"cg18659931",NA,-0.233,NA,"Turtru1.0","cg18659931","ARHGAP15","ARHGAP15_Intron","GeneScaffold_926",264067,264116,50,"+",264067,264068,"CGAATCACGTTACCTTGTCATTTCTCTGCATGGATCAAGAAGAGATGAGC","Intron (ARHGAP15-201/ARHGAP15, intron 2 of 13)",3567,257176,865121,607946,1,"ARHGAP15-201",6891,"ARHGAP15-201","ARHGAP15","0",TRUE,FALSE,FALSE,FALSE,FALSE,FALSE,TRUE,FALSE,FALSE,"Intron",70,86,"ENSTTRG00000016270","ENSTTRG00000016270.1","GeneScaffold_926",NA,"conserved gene and region",NA,NA,NA,NA,NA,NA,NA,NA,NA,NA,NA,NA,TRUE
"cg14182735",NA,-0.281,NA,"Turtru1.0","cg14182735","GALNT13","GALNT13_Exon","GeneScaffold_1719",519830,519879,50,"+",519830,519831,"CGCAAGGAAAATGAAAAAGTGGGTATATTCAACTGTCATGGTATGGGAGG","Exon (GALNT13-201/GALNT13, exon 9 of 11)",802,150918,566326,415409,1,"GALNT13-201",368912,"GALNT13-201","GALNT13","0",TRUE,FALSE,FALSE,FALSE,FALSE,TRUE,FALSE,FALSE,FALSE,"Exon",3,3,NA,NA,NA,NA,"mapped to different genes",NA,NA,NA,NA,NA,NA,NA,NA,NA,NA,NA,NA,TRUE
"cg11104864",NA,-0.1,NA,"Turtru1.0","cg11104864",NA,NA,NA,NA,NA,NA,NA,NA,NA,NA,NA,NA,NA,NA,NA,NA,NA,NA,NA,NA,NA,NA,NA,NA,NA,NA,NA,NA,NA,NA,NA,NA,NA,NA,NA,NA,NA,NA,NA,NA,NA,NA,NA,NA,NA,NA,NA,NA,NA,NA,NA
"cg26957053",NA,0.072,NA,"Turtru1.0","cg26957053","NPAS3","NPAS3_Exon","scaffold_110410",899199,899248,50,"+",899199,899200,"CGACAATGACAGCAGCATCTGGAACTACCCGCCCAACCGGGAGATCTCCA","Exon (NPAS3-201/NPAS3, exon 11 of 12)",4616,132883,900010,767128,1,"NPAS3-201",766316,"NPAS3-201","NPAS3","0",TRUE,FALSE,FALSE,FALSE,FALSE,TRUE,FALSE,FALSE,FALSE,"Exon",10,100,"ENSTTRG00000003266","ENSTTRG00000003266.1","scaffold_110410",NA,"conserved gene and region","scaffold_110410",899156,899259,104,"*",104,10,0.567307692307692,1.21212121212121,0.0961538461538462,4.44037067129166e-06,"CpGisland",TRUE
"cg11716762",NA,0.136,NA,"Turtru1.0","cg11716762","HOXC4","HOXC4_Promoter","scaffold_105794",213592,213641,50,"-",213592,213593,"CGACACTGAATTATTTATGCGCCCTTAGAAAGCGAGCATAGTTTTCACAC","Promoter (<=1kb)",4098,213035,214322,1288,2,"HOXC4-201",681,"HOXC4-201","HOXC4","0",TRUE,FALSE,TRUE,FALSE,FALSE,FALSE,TRUE,FALSE,FALSE,"Promoter",33,63,NA,NA,NA,NA,"mapped to different genes",NA,NA,NA,NA,NA,NA,NA,NA,NA,NA,NA,NA,TRUE
"cg20473688",NA,-0.011,NA,"Turtru1.0","cg20473688",NA,NA,NA,NA,NA,NA,NA,NA,NA,NA,NA,NA,NA,NA,NA,NA,NA,NA,NA,NA,NA,NA,NA,NA,NA,NA,NA,NA,NA,NA,NA,NA,NA,NA,NA,NA,NA,NA,NA,NA,NA,NA,NA,NA,NA,NA,NA,NA,NA,NA,NA
"cg11728741",NA,2.03,NA,"Turtru1.0","cg11728741",NA,NA,NA,NA,NA,NA,NA,NA,NA,NA,NA,NA,NA,NA,NA,NA,NA,NA,NA,NA,NA,NA,NA,NA,NA,NA,NA,NA,NA,NA,NA,NA,NA,NA,NA,NA,NA,NA,NA,NA,NA,NA,NA,NA,NA,NA,NA,NA,NA,NA,NA
"cg17919530",NA,-0.425,NA,"Turtru1.0","cg17919530","ZNF536","ZNF536_Intergenic_downstream","GeneScaffold_3388",279137,279186,50,"-",279137,279138,"CGAGGCGCGCGAGGCTTAGCTGAAATGTGCCAACAATTCTAGTCAAACAG","Distal Intergenic",2656,72711,168729,96019,1,"ZNF536-201",206475,NA,NA,NA,FALSE,TRUE,FALSE,FALSE,FALSE,FALSE,FALSE,FALSE,TRUE,"Intergenic_downstream",32,68,"ENSTTRG00000009847","ENSTTRG00000009847.1","GeneScaffold_3388",NA,"conserved gene but different region",NA,NA,NA,NA,NA,NA,NA,NA,NA,NA,NA,NA,TRUE
"cg23004138",NA,0.082,NA,"Turtru1.0","cg23004138","CALCOCO1","CALCOCO1_Intergenic_downstream","GeneScaffold_56",6213,6262,50,"+",6213,6214,"CGGGCGGCAGAGGGATTTATATGGGCCCGTTATTTCACACCGATCCTCCA","Distal Intergenic",3160,32992,45316,12325,2,"CALCOCO1-201",39054,NA,NA,NA,FALSE,TRUE,FALSE,FALSE,FALSE,FALSE,FALSE,FALSE,TRUE,"Intergenic_downstream",22,43,"ENSTTRG00000014892","ENSTTRG00000014892.1","GeneScaffold_56",NA,"mapped to different genes","GeneScaffold_56",6007,6218,212,"*",212,21,0.608490566037736,1.07019230769231,0.0990566037735849,1.76790748529488e-12,"CpGisland",TRUE
"cg18278920",NA,0.786,NA,"Turtru1.0","cg18278920","TENM2","TENM2_Exon","GeneScaffold_1799",688276,688325,50,"-",688276,688277,"CGGCTTACCAGGAAACGATGATGTGGCAACAATGCCATCTGGAGGCAAAG","Exon (TENM2-201/TENM2, exon 7 of 38)",890,213298,925853,712556,1,"TENM2-201",474978,"TENM2-201","TENM2","0",TRUE,FALSE,FALSE,FALSE,FALSE,TRUE,FALSE,FALSE,FALSE,"Exon",18,46,"ENSTTRG00000016113","ENSTTRG00000016113.1","GeneScaffold_1799",NA,"conserved gene and region",NA,NA,NA,NA,NA,NA,NA,NA,NA,NA,NA,NA,TRUE
"cg23931487",NA,0.003,NA,"Turtru1.0","cg23931487","CALCOCO1","CALCOCO1_Intergenic_downstream","GeneScaffold_56",6217,6266,50,"+",6217,6218,"CGGCAGAGGGATTTATATGGGCCCGTTATTTCACACCGATCCTCCATCTG","Distal Intergenic",3160,32992,45316,12325,2,"CALCOCO1-201",39050,NA,NA,NA,FALSE,TRUE,FALSE,FALSE,FALSE,FALSE,FALSE,FALSE,TRUE,"Intergenic_downstream",22,43,"ENSTTRG00000014892","ENSTTRG00000014892.1","GeneScaffold_56",NA,"mapped to different genes","GeneScaffold_56",6007,6218,212,"*",212,21,0.608490566037736,1.07019230769231,0.0990566037735849,1.76790748529488e-12,"CpGisland",TRUE
"cg18473521.1",NA,0.041,NA,"Turtru1.0","cg18473521.1","HOXC4","HOXC4_Promoter","scaffold_105794",213715,213764,50,"-",213763,213764,"TTACCCATTCTCGCTCGTAAATCCAGTTCAATTGTGCTAACCCAGAGTCG","Promoter (<=1kb)",4098,213035,214322,1288,2,"HOXC4-201",558,"HOXC4-201","HOXC4","0",TRUE,FALSE,TRUE,FALSE,FALSE,FALSE,TRUE,FALSE,FALSE,"Promoter",33,63,NA,NA,NA,NA,"mapped to different genes",NA,NA,NA,NA,NA,NA,NA,NA,NA,NA,NA,NA,TRUE
"cg21097283",NA,0.13,NA,"Turtru1.0","cg21097283","OTP","OTP_Promoter","scaffold_102685",12269,12318,50,"-",12317,12318,"CCACAAACCGAATTTTCTTTCATTTAGGTGATCTATATATATCTATATCG","Promoter (<=1kb)",3848,12405,22137,9733,1,"OTP-201",-136,"OTP-201","OTP","0",FALSE,TRUE,TRUE,FALSE,FALSE,FALSE,FALSE,FALSE,FALSE,"Promoter",16,21,NA,NA,NA,NA,"mapped to different genes",NA,NA,NA,NA,NA,NA,NA,NA,NA,NA,NA,NA,TRUE
"cg20142163",NA,0.048,NA,"Turtru1.0","cg20142163","SMUG1","SMUG1_Intergenic_downstream","scaffold_105794",102506,102555,50,"-",102554,102555,"TCCTCCGCAATCCAATTAAATAACATTTAAATGCATAACCAGCCCGCGCG","Distal Intergenic",4098,92801,94910,2110,1,"SMUG1-201",9754,NA,NA,NA,FALSE,TRUE,FALSE,FALSE,FALSE,FALSE,FALSE,FALSE,TRUE,"Intergenic_downstream",10,13,"ENSTTRG00000004528","ENSTTRG00000004528.1","scaffold_105794",NA,"conserved gene but different region","scaffold_105794",102550,102755,206,"*",206,35,0.733009708737864,1.28109452736318,0.169902912621359,1.64704687768929e-29,"CpGisland",TRUE
"cg19204561",NA,-0.717,NA,"Turtru1.0","cg19204561","ADD3","ADD3_Intergenic_upstream","GeneScaffold_730",273751,273800,50,"-",273751,273752,"CGTGACATGAACTTTGTGTGTAAGAGTGGGTTCATTGAATTAAAAAAAAG","Distal Intergenic",3350,300467,326417,25951,1,"ADD3-201",-26716,NA,NA,NA,FALSE,TRUE,FALSE,FALSE,FALSE,FALSE,FALSE,FALSE,TRUE,"Intergenic_upstream",1,3,"ENSTTRG00000007894","ENSTTRG00000007894.1","GeneScaffold_730",NA,"conserved gene but different region",NA,NA,NA,NA,NA,NA,NA,NA,NA,NA,NA,NA,TRUE
"cg15675176",NA,0.151,NA,"Turtru1.0","cg15675176","POU6F2","POU6F2_Exon","GeneScaffold_693",74779,74828,50,"+",74827,74828,"AGGACAAGGCTGCTACTTCAGACAGCGAGCTGAATGAGCCCCTGCTTGCG","Exon (POU6F2-201/POU6F2, exon 2 of 16)",3308,12213,440642,428430,1,"POU6F2-201",62566,"POU6F2-201","POU6F2","0",TRUE,FALSE,FALSE,FALSE,FALSE,TRUE,FALSE,FALSE,FALSE,"Exon",7,18,"ENSTTRG00000010646","ENSTTRG00000010646.1","GeneScaffold_693",NA,"conserved gene and region",NA,NA,NA,NA,NA,NA,NA,NA,NA,NA,NA,NA,TRUE
"cg24015091",NA,0.072,NA,"Turtru1.0","cg24015091","SMG6","SMG6_Intron","GeneScaffold_3179",329147,329196,50,"-",329147,329148,"CGACAGTGAGAAGGAAGAAGGTGAAAAGTCTCCCAGCTGAATTCTTGGCT","Intron (SMG6-201/SMG6, intron 13 of 20)",2424,214332,438858,224527,2,"SMG6-201",109662,"SMG6-201","SMG6","0",TRUE,FALSE,FALSE,FALSE,FALSE,FALSE,TRUE,FALSE,FALSE,"Intron",30,33,"ENSTTRG00000001175","ENSTTRG00000001175.1","GeneScaffold_3179",NA,"conserved gene and region",NA,NA,NA,NA,NA,NA,NA,NA,NA,NA,NA,NA,TRUE
"cg24805210",NA,-0.279,NA,"Turtru1.0","cg24805210","ACIN1","ACIN1_Intron","GeneScaffold_2072",242901,242950,50,"+",242949,242950,"AATAAATAATATTCTGCACATCAAATCACTTTCACCGGCCCCCACCCCCG","Intron (ACIN1-201/ACIN1, intron 10 of 19)",1195,234686,267676,32991,2,"ACIN1-201",24726,"ACIN1-201","ACIN1","0",TRUE,FALSE,FALSE,FALSE,FALSE,FALSE,TRUE,FALSE,FALSE,"Intron",15,28,"ENSTTRG00000001508","ENSTTRG00000001508.1","GeneScaffold_2072",NA,"conserved gene and region",NA,NA,NA,NA,NA,NA,NA,NA,NA,NA,NA,NA,TRUE
"cg26979561",NA,-0.026,NA,"Turtru1.0","cg26979561",NA,NA,NA,NA,NA,NA,NA,NA,NA,NA,NA,NA,NA,NA,NA,NA,NA,NA,NA,NA,NA,NA,NA,NA,NA,NA,NA,NA,NA,NA,NA,NA,NA,NA,NA,NA,NA,NA,NA,NA,NA,NA,NA,NA,NA,NA,NA,NA,NA,NA,NA
"cg17599620",NA,-1.256,NA,"Turtru1.0","cg17599620","UBP1","UBP1_Intron","GeneScaffold_3044",728056,728105,50,"-",728104,728105,"CCTGCCTTATTCCTTATACCCAGATTCTGCAACTTACAATCACAGATCCG","Intron (NA, intron 9 of 0)",2275,508647,560690,52044,2,"UBP1-201",-167415,NA,NA,NA,TRUE,FALSE,FALSE,FALSE,FALSE,FALSE,TRUE,FALSE,FALSE,"Intron",2,6,"ENSTTRG00000016791","ENSTTRG00000016791.1","GeneScaffold_3044",NA,"mapped to different genes",NA,NA,NA,NA,NA,NA,NA,NA,NA,NA,NA,NA,TRUE
"cg19868479",NA,-0.091,NA,"Turtru1.0","cg19868479","ASIC4","ASIC4_Exon","GeneScaffold_1127",155410,155459,50,"-",155410,155411,"CGGGTGCAGATCCACAGCCAGGAGGAGCCGCCCTACATCCACCAGCTGGG","Exon (ASIC4-201/ASIC4, exon 12 of 19)",145,137197,160887,23691,1,"ASIC4-201",18213,"ASIC4-201","ASIC4","0",TRUE,FALSE,FALSE,FALSE,FALSE,TRUE,FALSE,FALSE,FALSE,"Exon",4,5,"ENSTTRG00000011695","ENSTTRG00000011695.1","GeneScaffold_1127",NA,"conserved gene and region",NA,NA,NA,NA,NA,NA,NA,NA,NA,NA,NA,NA,TRUE
"cg23087015",NA,0.146,NA,"Turtru1.0","cg23087015",NA,NA,NA,NA,NA,NA,NA,NA,NA,NA,NA,NA,NA,NA,NA,NA,NA,NA,NA,NA,NA,NA,NA,NA,NA,NA,NA,NA,NA,NA,NA,NA,NA,NA,NA,NA,NA,NA,NA,NA,NA,NA,NA,NA,NA,NA,NA,NA,NA,NA,NA
"cg25184464",NA,-0.014,NA,"Turtru1.0","cg25184464","NPAS3","NPAS3_Intergenic_upstream","scaffold_110410",29145,29194,50,"+",29145,29146,"CGTTCTTTATCACCTGTCTCCATTTGGCATTCGAAGAAGGTAAATCAAAG","Distal Intergenic",4616,132883,900010,767128,1,"NPAS3-201",-103689,NA,NA,NA,FALSE,TRUE,FALSE,FALSE,FALSE,FALSE,FALSE,FALSE,TRUE,"Intergenic_upstream",9,100,"ENSTTRG00000003266","ENSTTRG00000003266.1","scaffold_110410",NA,"conserved gene but different region",NA,NA,NA,NA,NA,NA,NA,NA,NA,NA,NA,NA,TRUE
"cg24866418",NA,0.007,NA,"Turtru1.0","cg24866418","LHFPL4","LHFPL4_Exon","GeneScaffold_3269",449823,449872,50,"-",449871,449872,"GATGCAGCCGAGGATCAGCACCATGGAGAGCAGCACGAAGAAGGCGGCCG","Promoter (<=1kb)",2524,421723,450152,28430,2,"LHFPL4-201",280,"LHFPL4-201","LHFPL4","0",TRUE,FALSE,TRUE,FALSE,FALSE,TRUE,FALSE,FALSE,FALSE,"Exon",12,12,"ENSTTRG00000009736","ENSTTRG00000009736.1","GeneScaffold_3269",NA,"conserved gene and region","GeneScaffold_3269",449831,450009,179,"*",179,18,0.664804469273743,0.929065743944637,0.100558659217877,6.819531530804e-11,"CpGisland",TRUE
"cg20699548",NA,-0.108,NA,"Turtru1.0","cg20699548","NCOA2","NCOA2_Exon","scaffold_114646",114834,114883,50,"+",114834,114835,"CGTGTCTGGGAAAAGCTGTGGTAATTGACTATTCTGCAAATCATCCAAAA","Exon (NCOA2-201/NCOA2, exon 11 of 23)",5183,85298,173462,88165,2,"NCOA2-201",58579,"NCOA2-201","NCOA2","0",TRUE,FALSE,FALSE,FALSE,FALSE,TRUE,FALSE,FALSE,FALSE,"Exon",6,7,"ENSTTRG00000013003","ENSTTRG00000013003.1","scaffold_114646",NA,"conserved gene and region",NA,NA,NA,NA,NA,NA,NA,NA,NA,NA,NA,NA,TRUE
"cg10763467",NA,NA,0.392,"Turtru1.0","cg10763467","EVX2","EVX2_Intergenic_downstream","GeneScaffold_1722",416290,416339,50,"-",416338,416339,"GCATTACTCGCAGTCAGCTAAATGAAACATTATTCTAAACATATGCATCG","Distal Intergenic",806,420757,425011,4255,2,"EVX2-201",8721,"EVX2-201","EVX2","8672",FALSE,TRUE,FALSE,FALSE,FALSE,FALSE,FALSE,FALSE,TRUE,"Intergenic_downstream",25,35,"ENSTTRG00000013768","ENSTTRG00000013768.1","GeneScaffold_1722",NA,"conserved gene and region",NA,NA,NA,NA,NA,NA,NA,NA,NA,NA,NA,NA,TRUE
"cg10876801",NA,NA,-0.236,"Turtru1.0","cg10876801","TCF7L2","TCF7L2_Intron","GeneScaffold_1885",48167,48216,50,"+",48215,48216,"CAGGCTTTATTTACAGCCCATAACACTTATGAATGTTAAGATATTTGACG","Intron (TCF7L2-201/TCF7L2, intron 4 of 17)",986,41589,237489,195901,1,"TCF7L2-201",6578,"TCF7L2-201","TCF7L2","0",TRUE,FALSE,FALSE,FALSE,FALSE,FALSE,TRUE,FALSE,FALSE,"Intron",54,74,"ENSTTRG00000002360","ENSTTRG00000002360.1","GeneScaffold_1885",NA,"conserved gene and region",NA,NA,NA,NA,NA,NA,NA,NA,NA,NA,NA,NA,TRUE
"cg12905991",NA,NA,0.233,"Turtru1.0","cg12905991",NA,NA,NA,NA,NA,NA,NA,NA,NA,NA,NA,NA,NA,NA,NA,NA,NA,NA,NA,NA,NA,NA,NA,NA,NA,NA,NA,NA,NA,NA,NA,NA,NA,NA,NA,NA,NA,NA,NA,NA,NA,NA,NA,NA,NA,NA,NA,NA,NA,NA,NA
"cg03225697",NA,NA,-0.345,"Turtru1.0","cg03225697","PSD2","PSD2_Intergenic_downstream","GeneScaffold_1802",50894,50943,50,"+",50942,50943,"CGAAGCTGTAAATCAGGATGTTACATATAAATAGTTTCCCTATAAAAACG","Downstream (<1kb)",895,11291,45453,34163,1,"PSD2-201",39603,"NRG2-201","NRG2","0",FALSE,TRUE,FALSE,FALSE,FALSE,FALSE,FALSE,FALSE,FALSE,"Intergenic_downstream",3,3,"ENSTTRG00000011406","ENSTTRG00000011406.1","GeneScaffold_1802",NA,"mapped to different genes",NA,NA,NA,NA,NA,NA,NA,NA,NA,NA,NA,NA,TRUE
"cg05111574",NA,NA,-0.321,"Turtru1.0","cg05111574","MLLT3","MLLT3_Intron","GeneScaffold_2708",353287,353336,50,"-",353335,353336,"CCAATAAAGATTACGGATCAAATGGAAGATAACTACTAACCATTGTGTCG","Intron (MLLT3-201/MLLT3, intron 2 of 11)",1901,92745,355923,263179,2,"MLLT3-201",2587,"MLLT3-201","MLLT3","0",TRUE,FALSE,FALSE,FALSE,FALSE,FALSE,TRUE,FALSE,FALSE,"Intron",9,14,"ENSTTRG00000009922","ENSTTRG00000009922.1","GeneScaffold_2708",NA,"conserved gene and region",NA,NA,NA,NA,NA,NA,NA,NA,NA,NA,NA,NA,TRUE
"cg07010480",NA,NA,-1.208,"Turtru1.0","cg07010480",NA,NA,NA,NA,NA,NA,NA,NA,NA,NA,NA,NA,NA,NA,NA,NA,NA,NA,NA,NA,NA,NA,NA,NA,NA,NA,NA,NA,NA,NA,NA,NA,NA,NA,NA,NA,NA,NA,NA,NA,NA,NA,NA,NA,NA,NA,NA,NA,NA,NA,NA
"cg08125125",NA,NA,-0.209,"Turtru1.0","cg08125125","SYNPO","SYNPO_Intergenic_upstream","GeneScaffold_2714",26490,26539,50,"-",26490,26491,"CGGCTAATGTCTTCAGTATGTATGAAATATCCCATATGCTCGGAAACAAA","Distal Intergenic",1908,43146,68868,25723,1,"SYNPO-201",-16656,NA,NA,NA,FALSE,TRUE,FALSE,FALSE,FALSE,FALSE,FALSE,FALSE,TRUE,"Intergenic_upstream",2,3,"ENSTTRG00000012761","ENSTTRG00000012761.1","GeneScaffold_2714",NA,"conserved gene but different region",NA,NA,NA,NA,NA,NA,NA,NA,NA,NA,NA,NA,TRUE
"cg08796632",NA,NA,-0.001,"Turtru1.0","cg08796632","SEMA3D","SEMA3D_Exon","GeneScaffold_2030",75286,75335,50,"+",75286,75287,"CGGGTGGACTTAATCAGTGGGTCATAGGTTTTGCTTGGACACTGAAAATA","Exon (SEMA3D-201/SEMA3D, exon 11 of 17)",1149,45640,183632,137993,2,"SEMA3D-201",108297,"SEMA3D-201","SEMA3D","0",TRUE,FALSE,FALSE,FALSE,FALSE,TRUE,TRUE,FALSE,FALSE,"Exon",2,2,"ENSTTRG00000009531","ENSTTRG00000009531.1","GeneScaffold_2030",NA,"conserved gene and region",NA,NA,NA,NA,NA,NA,NA,NA,NA,NA,NA,NA,TRUE
"cg08815701",NA,NA,-0.187,"Turtru1.0","cg08815701",NA,NA,NA,NA,NA,NA,NA,NA,NA,NA,NA,NA,NA,NA,NA,NA,NA,NA,NA,NA,NA,NA,NA,NA,NA,NA,NA,NA,NA,NA,NA,NA,NA,NA,NA,NA,NA,NA,NA,NA,NA,NA,NA,NA,NA,NA,NA,NA,NA,NA,NA
"cg09227056",NA,NA,1.697,"Turtru1.0","cg09227056","EVX2","EVX2_Intergenic_downstream","GeneScaffold_1722",416301,416350,50,"-",416349,416350,"AGTCAGCTAAATGAAACATTATTCTAAACATATGCATCGTAATCAGTTCG","Distal Intergenic",806,420757,425011,4255,2,"EVX2-201",8710,"EVX2-201","EVX2","8661",FALSE,TRUE,FALSE,FALSE,FALSE,FALSE,FALSE,FALSE,TRUE,"Intergenic_downstream",25,35,"ENSTTRG00000013768","ENSTTRG00000013768.1","GeneScaffold_1722",NA,"conserved gene and region",NA,NA,NA,NA,NA,NA,NA,NA,NA,NA,NA,NA,TRUE
"cg09817427",NA,NA,1.409,"Turtru1.0","cg09817427","TBX18","TBX18_Promoter","scaffold_114218",72585,72634,50,"-",72633,72634,"TAATTGAAATTTGTTGCCTTGATCTGTCAGCACTTCCAGGCAGGAGAGCG","Promoter (<=1kb)",5138,44178,72216,28039,2,"TBX18-201",-418,"TBX18-201","TBX18","0",FALSE,TRUE,TRUE,FALSE,FALSE,FALSE,FALSE,FALSE,FALSE,"Promoter",2,3,NA,NA,NA,NA,"mapped to different genes",NA,NA,NA,NA,NA,NA,NA,NA,NA,NA,NA,NA,TRUE
"cg17829420",NA,NA,-0.532,"Turtru1.0","cg17829420","FAM204A","FAM204A_Intergenic_upstream","scaffold_114317",260336,260385,50,"-",260336,260337,"CGAAAATGATGTGCAAACACAAAAGGGATAAGATTTCTGTAATTATGTAG","Distal Intergenic",5154,102463,127475,25013,2,"FAM204A-201",-132910,NA,NA,NA,FALSE,TRUE,FALSE,FALSE,FALSE,FALSE,FALSE,FALSE,TRUE,"Intergenic_upstream",13,18,NA,NA,NA,NA,"mapped to different genes",NA,NA,NA,NA,NA,NA,NA,NA,NA,NA,NA,NA,TRUE
"cg10620475",NA,NA,-0.05,"Turtru1.0","cg10620475","GRID2","GRID2_Exon","GeneScaffold_1981",1079160,1079209,50,"+",1079160,1079161,"CGTGCCTGAGCACCGAACTGGCCCTTTTAGGCACAGGGCACCTAATGGGG","Exon (GRID2-201/GRID2, exon 16 of 16)",1093,69013,1079316,1010304,1,"GRID2-201",1010147,"GRID2-201","GRID2","0",TRUE,FALSE,FALSE,FALSE,FALSE,TRUE,FALSE,FALSE,FALSE,"Exon",7,8,"ENSTTRG00000007360","ENSTTRG00000007360.1","GeneScaffold_1981",NA,"conserved gene and region",NA,NA,NA,NA,NA,NA,NA,NA,NA,NA,NA,NA,TRUE
"cg17983750",NA,NA,-0.03,"Turtru1.0","cg17983750","PARD3B","PARD3B_Intergenic_upstream","GeneScaffold_928",99194,99243,50,"+",99194,99195,"CGATCTCAGTAAAGGTTAATTGAGACAAGGCAGCTGTCTCATCTGCTGGG","Distal Intergenic",3569,129079,1029405,900327,1,"PARD3B-201",-29836,NA,NA,NA,FALSE,TRUE,FALSE,FALSE,FALSE,FALSE,FALSE,FALSE,TRUE,"Intergenic_upstream",2,4,"ENSTTRG00000014486","ENSTTRG00000014486.1","GeneScaffold_928",NA,"conserved gene and region",NA,NA,NA,NA,NA,NA,NA,NA,NA,NA,NA,NA,TRUE
"cg18433728",NA,NA,-0.145,"Turtru1.0","cg18433728","CHN1","CHN1_Intron","GeneScaffold_1529",119534,119583,50,"-",119534,119535,"CGAATAAGCAAAGAGTTTCAGAGGTTGCCAGATTGTCACAGACGACTTTG","Intron (CHN1-201/CHN1, intron 3 of 9)",591,69501,179967,110467,2,"CHN1-201",60384,"CHN1-201","CHN1","0",TRUE,FALSE,FALSE,FALSE,FALSE,FALSE,TRUE,FALSE,FALSE,"Intron",2,4,"ENSTTRG00000000406","ENSTTRG00000000406.1","GeneScaffold_1529",NA,"conserved gene but different region",NA,NA,NA,NA,NA,NA,NA,NA,NA,NA,NA,NA,TRUE
"cg18889628",NA,NA,-0.029,"Turtru1.0","cg18889628",NA,NA,NA,NA,NA,NA,NA,NA,NA,NA,NA,NA,NA,NA,NA,NA,NA,NA,NA,NA,NA,NA,NA,NA,NA,NA,NA,NA,NA,NA,NA,NA,NA,NA,NA,NA,NA,NA,NA,NA,NA,NA,NA,NA,NA,NA,NA,NA,NA,NA,NA
"cg19565468",NA,NA,0.482,"Turtru1.0","cg19565468",NA,NA,NA,NA,NA,NA,NA,NA,NA,NA,NA,NA,NA,NA,NA,NA,NA,NA,NA,NA,NA,NA,NA,NA,NA,NA,NA,NA,NA,NA,NA,NA,NA,NA,NA,NA,NA,NA,NA,NA,NA,NA,NA,NA,NA,NA,NA,NA,NA,NA,NA
"cg20233387.1",NA,NA,0.832,"Turtru1.0","cg20233387.1","LHX8","LHX8_Intergenic_upstream","scaffold_114112",227877,227926,50,"+",227877,227878,"CGGATTTAGTTTTTAATGATGATTAGAGAGGATGGGCCCCTAAAATTTCT","Distal Intergenic",5120,48444,79264,30821,2,"LHX8-201",-148613,NA,NA,NA,FALSE,TRUE,FALSE,FALSE,FALSE,FALSE,FALSE,FALSE,TRUE,"Intergenic_upstream",2,3,"ENSTTRG00000015391","ENSTTRG00000015391.1","scaffold_114112",NA,"conserved gene but different region",NA,NA,NA,NA,NA,NA,NA,NA,NA,NA,NA,NA,TRUE
"cg13837730",NA,NA,-0.05,"Turtru1.0","cg13837730",NA,NA,NA,NA,NA,NA,NA,NA,NA,NA,NA,NA,NA,NA,NA,NA,NA,NA,NA,NA,NA,NA,NA,NA,NA,NA,NA,NA,NA,NA,NA,NA,NA,NA,NA,NA,NA,NA,NA,NA,NA,NA,NA,NA,NA,NA,NA,NA,NA,NA,NA
"cg15661483",NA,NA,-0.266,"Turtru1.0","cg15661483","CTDSPL","CTDSPL_Exon","GeneScaffold_1736",580290,580339,50,"-",580290,580291,"CGGTGCTTGACTATGGAAAGAAATGTGTGGTCATTGATTTAGATGAAACA","Exon (CTDSPL-201/CTDSPL, exon 6 of 9)",821,529431,590691,61261,1,"CTDSPL-201",50859,"CTDSPL-201","CTDSPL","0",TRUE,FALSE,FALSE,FALSE,FALSE,TRUE,FALSE,FALSE,FALSE,"Exon",6,6,"ENSTTRG00000005427","ENSTTRG00000005427.1","GeneScaffold_1736",NA,"conserved gene and region",NA,NA,NA,NA,NA,NA,NA,NA,NA,NA,NA,NA,TRUE
"cg15809488",NA,NA,-0.082,"Turtru1.0","cg15809488","RARB","RARB_Promoter","GeneScaffold_297",568601,568650,50,"-",568601,568602,"CGTGCCAAAAAAGGGGCAGAGTTTGATGGAGTTGGGTGGACTTTTCTATG","Promoter (<=1kb)",2191,568711,738067,169357,1,"RARB-201",-110,"RARB-201","RARB","0",FALSE,TRUE,TRUE,FALSE,FALSE,FALSE,FALSE,FALSE,FALSE,"Promoter",6,15,"ENSTTRG00000010874","ENSTTRG00000010874.1","GeneScaffold_297",NA,"conserved gene but different region",NA,NA,NA,NA,NA,NA,NA,NA,NA,NA,NA,NA,TRUE
"cg23360751",NA,NA,-0.171,"Turtru1.0","cg23360751","NFIB","NFIB_Intron","GeneScaffold_1868",233233,233282,50,"+",233281,233282,"AGATCTGGAAATTGTCAATATATTGTAACATCACTCCACACTGCAATGCG","Intron (NFIB-201/NFIB, intron 2 of 11)",967,16539,242841,226303,2,"NFIB-201",9559,"NFIB-201","NFIB","0",TRUE,FALSE,FALSE,FALSE,FALSE,FALSE,TRUE,FALSE,FALSE,"Intron",25,56,NA,NA,NA,NA,"mapped to different genes",NA,NA,NA,NA,NA,NA,NA,NA,NA,NA,NA,NA,TRUE
"cg24104506",NA,NA,0.328,"Turtru1.0","cg24104506","TFAP2D","TFAP2D_Intron","scaffold_114278",26571,26620,50,"+",26571,26572,"CGCATTTACTTAACTCTTCACGGGCTGTTGGGTAGGTTAACACCCTTCAA","Intron (TFAP2D-201/TFAP2D, intron 2 of 7)",5149,22323,77098,54776,1,"TFAP2D-201",4248,"TFAP2D-201","TFAP2D","0",TRUE,FALSE,FALSE,FALSE,FALSE,FALSE,TRUE,FALSE,FALSE,"Intron",6,28,"ENSTTRG00000007365","ENSTTRG00000007365.1","scaffold_114278",NA,"conserved gene and region",NA,NA,NA,NA,NA,NA,NA,NA,NA,NA,NA,NA,TRUE
"cg16947316",NA,NA,-0.256,"Turtru1.0","cg16947316","NUAK1","NUAK1_Exon","scaffold_107086",83058,83107,50,"+",83058,83059,"CGTAAGGACAAAATTAAGGATGAACAAGACATGGTTCACATCAGACGAGA","Exon (NUAK1-201/NUAK1, exon 2 of 8)",4234,54372,118589,64218,1,"NUAK1-201",28686,"NUAK1-201","NUAK1","0",TRUE,FALSE,FALSE,FALSE,FALSE,TRUE,FALSE,FALSE,FALSE,"Exon",3,3,"ENSTTRG00000016310","ENSTTRG00000016310.1","scaffold_107086",NA,"conserved gene and region",NA,NA,NA,NA,NA,NA,NA,NA,NA,NA,NA,NA,TRUE
"cg26535952",NA,NA,-0.681,"Turtru1.0","cg26535952","THRA","THRA_Exon","GeneScaffold_3486",107416,107465,50,"-",107416,107417,"CGGGTCACTGGGCGTCCACCCGGAAGGACAGCAGCTTCTCGGAATGCATG","Exon (THRA-201/THRA, exon 9 of 10)",2765,93979,107724,13746,1,"THRA-201",13437,"THRA-201;NR1D1-201","THRA;NR1D1","0;0",TRUE,FALSE,FALSE,FALSE,FALSE,TRUE,FALSE,FALSE,FALSE,"Exon",11,16,"ENSTTRG00000016893","ENSTTRG00000016893.1","GeneScaffold_3486",NA,"conserved gene but different region","GeneScaffold_3486",107345,107487,143,"*",143,12,0.622377622377622,0.907936507936508,0.0839160839160839,1.51078565765415e-06,"CpGisland",TRUE
"cg17856858",NA,NA,-0.48,"Turtru1.0","cg17856858","gene:ENSTTRG00000013041","gene:ENSTTRG00000013041_Exon","GeneScaffold_3169",83308,83357,50,"-",83356,83357,"TAAATTTCACAACCGCATGTACTTTTTCATTGGCAACCTGGCTCTCTGCG","Promoter (<=1kb)",2413,83105,84241,1137,1,"transcript:ENSTTRT00000013040",203,"transcript:ENSTTRT00000013040","gene:ENSTTRG00000013041","0",TRUE,FALSE,TRUE,FALSE,FALSE,TRUE,FALSE,FALSE,FALSE,"Exon",3,3,NA,NA,NA,NA,"mapped to different genes",NA,NA,NA,NA,NA,NA,NA,NA,NA,NA,NA,NA,TRUE
"cg27245416",NA,NA,-0.021,"Turtru1.0","cg27245416",NA,NA,NA,NA,NA,NA,NA,NA,NA,NA,NA,NA,NA,NA,NA,NA,NA,NA,NA,NA,NA,NA,NA,NA,NA,NA,NA,NA,NA,NA,NA,NA,NA,NA,NA,NA,NA,NA,NA,NA,NA,NA,NA,NA,NA,NA,NA,NA,NA,NA,NA
"cg20315976",NA,NA,-0.973,"Turtru1.0","cg20315976","ETV1","ETV1_Promoter","GeneScaffold_26",257124,257173,50,"+",257172,257173,"CACTGAAAGGTAAGCTCATTTTGAAGACTGGGCTTCTAGAAGCAGAGTCG","Promoter (<=1kb)",1780,161056,257065,96010,2,"ETV1-201",-59,"ETV1-201","ETV1","-59",FALSE,TRUE,TRUE,FALSE,FALSE,FALSE,FALSE,FALSE,FALSE,"Promoter",10,12,"ENSTTRG00000007303","ENSTTRG00000007303.1","GeneScaffold_26",NA,"conserved gene but different region",NA,NA,NA,NA,NA,NA,NA,NA,NA,NA,NA,NA,TRUE
"cg21477760",NA,NA,-0.144,"Turtru1.0","cg21477760",NA,NA,NA,NA,NA,NA,NA,NA,NA,NA,NA,NA,NA,NA,NA,NA,NA,NA,NA,NA,NA,NA,NA,NA,NA,NA,NA,NA,NA,NA,NA,NA,NA,NA,NA,NA,NA,NA,NA,NA,NA,NA,NA,NA,NA,NA,NA,NA,NA,NA,NA
"cg21628661",NA,NA,-0.199,"Turtru1.0","cg21628661",NA,NA,NA,NA,NA,NA,NA,NA,NA,NA,NA,NA,NA,NA,NA,NA,NA,NA,NA,NA,NA,NA,NA,NA,NA,NA,NA,NA,NA,NA,NA,NA,NA,NA,NA,NA,NA,NA,NA,NA,NA,NA,NA,NA,NA,NA,NA,NA,NA,NA,NA
"cg24615697",NA,NA,-0.136,"Turtru1.0","cg24615697","SETD1A","SETD1A_Promoter","GeneScaffold_474",91779,91828,50,"+",91827,91828,"ACTTGAACATTCATCTGTACTGAAGTGTTACTTGAACCGGGGGAATCTCG","Promoter (8-9kb)",3065,100433,120487,20055,1,"SETD1A-201",-8605,"FBXL19-201","FBXL19","0",FALSE,TRUE,TRUE,FALSE,FALSE,FALSE,FALSE,FALSE,FALSE,"Promoter",1,3,"ENSTTRG00000015493","ENSTTRG00000015493.1","GeneScaffold_474",NA,"mapped to different genes",NA,NA,NA,NA,NA,NA,NA,NA,NA,NA,NA,NA,TRUE
