var,Coef.Bottlenose,Coef.BottlenoseBlood,Coef.BottlenoseSkin,Annotation.Name,CGid,SYMBOL,GeneRegionID,seqnames,probeStart,probeEnd,width,strand,CGstart,CGend,seq,annotation,geneChr,geneStart,geneEnd,geneLength,geneStrand,transcriptId,distanceToTSS,flank_txIds,flank_geneIds,flank_gene_distances,genic,Intergenic,Promoter,fiveUTR,threeUTR,Exon,Intron,downstream,distal_intergenic,main_Categories,CpG_number_on_geneRegion,CpGs_number_on_gene,ENSEMBL,ensembl_gene_id_version,chromosome_name,entrezgene_id,conservationInHuman,CpGislandseqnames,CpGislandstart,CpGislandend,CpGislandwidth,CpGislandstrand,CpGislandlen,CpGislandcount,CpGislandgc,CpGislandoe,CpGislandden,CpGislandpvalue,CpGisland,CG
(Intercept),68.61320765,66.22499134,54.1852739,Turtru1.0,NA,NA,NA,NA,NA,NA,NA,NA,NA,NA,NA,NA,NA,NA,NA,NA,NA,NA,NA,NA,NA,NA,NA,NA,NA,NA,NA,NA,NA,NA,NA,NA,NA,NA,NA,NA,NA,NA,NA,NA,NA,NA,NA,NA,NA,NA,NA,NA,NA,NA,NA,NA
cg00493831,12.22104695,1.679164939,27.69832011,Turtru1.0,cg00493831,HES5,HES5_Promoter,GeneScaffold_932,183137,183186,50,+,183185,183186,GTTCCCAACCTCTGAAAGGCAGACAAGCCCTTTATTGCTCTATTATAACG,Promoter (9-10kb),3574,173277,173822,546,2,HES5-201,-9315,NA,NA,NA,FALSE,TRUE,TRUE,FALSE,FALSE,FALSE,FALSE,FALSE,FALSE,Promoter,2,3,ENSTTRG00000003782,ENSTTRG00000003782.1,GeneScaffold_932,NA,conserved gene but different region,NA,NA,NA,NA,NA,NA,NA,NA,NA,NA,NA,NA,TRUE
cg18473521.1,16.247031,1.007626288,0.336716316,Turtru1.0,cg18473521.1,HOXC4,HOXC4_Promoter,scaffold_105794,213715,213764,50,-,213763,213764,TTACCCATTCTCGCTCGTAAATCCAGTTCAATTGTGCTAACCCAGAGTCG,Promoter (<=1kb),4098,213035,214322,1288,2,HOXC4-201,558,HOXC4-201,HOXC4,0,TRUE,FALSE,TRUE,FALSE,FALSE,FALSE,TRUE,FALSE,FALSE,Promoter,33,63,NA,NA,NA,NA,mapped to different genes,NA,NA,NA,NA,NA,NA,NA,NA,NA,NA,NA,NA,TRUE
cg18473521.2,14.99578499,2.594113068,0.190408869,Turtru1.0,cg18473521.2,HOXC4,HOXC4_Promoter,scaffold_105794,213715,213764,50,+,213763,213764,TTACCCATTCTCGCTCGTAAATCCAGTTCAATTGTGCTAACCCAGAGTCG,Promoter (<=1kb),4098,213035,214322,1288,2,HOXC4-201,558,HOXC4-201,HOXC4,0,TRUE,FALSE,TRUE,FALSE,FALSE,FALSE,TRUE,FALSE,FALSE,Promoter,33,63,NA,NA,NA,NA,mapped to different genes,NA,NA,NA,NA,NA,NA,NA,NA,NA,NA,NA,NA,TRUE
cg05160688,NA,-2.966580332,NA,Turtru1.0,cg05160688,PLXNA2,PLXNA2_Promoter,scaffold_107032,267208,267257,50,-,267256,267257,CTGTCAGAAATCTCCCAGAATTCCCTTTATTATCTAAAGGTCGCCACCCG,Promoter (8-9kb),4226,63626,258520,194895,2,PLXNA2-201,-8737,NA,NA,NA,FALSE,TRUE,TRUE,FALSE,FALSE,FALSE,FALSE,FALSE,FALSE,Promoter,2,3,ENSTTRG00000012652,ENSTTRG00000012652.1,scaffold_107032,NA,conserved gene but different region,NA,NA,NA,NA,NA,NA,NA,NA,NA,NA,NA,NA,TRUE
cg18512369,-3.796280986,-8.738378531,NA,Turtru1.0,cg18512369,USP27X,USP27X_Intergenic_upstream,scaffold_101930,48557,48606,50,-,48605,48606,TGCCATGGTTTAAATTCGTTTCATAAGCTGTTGCTTGGCAATCCCACGCG,Distal Intergenic,3789,95377,96960,1584,1,USP27X-201,-46820,NA,NA,NA,FALSE,TRUE,FALSE,FALSE,FALSE,FALSE,FALSE,FALSE,TRUE,Intergenic_upstream,1,6,ENSTTRG00000016981,ENSTTRG00000016981.1,scaffold_101930,NA,mapped to different genes,NA,NA,NA,NA,NA,NA,NA,NA,NA,NA,NA,NA,TRUE
cg04683187,-1.993042395,-1.38276489,NA,Turtru1.0,cg04683187,CHD7,CHD7_Intron,GeneScaffold_2685,174609,174658,50,+,174657,174658,CTGGGCTTTGTTCCAAGCAATATTTCACAAATGTCAGTGCTGAGAACTCG,"Intron (CHD7-201/CHD7, intron 35 of 54)",1875,69569,190459,120891,1,CHD7-201,105040,CHD7-201,CHD7,0,TRUE,FALSE,FALSE,FALSE,FALSE,FALSE,TRUE,FALSE,FALSE,Intron,4,12,ENSTTRG00000004221,ENSTTRG00000004221.1,GeneScaffold_2685,NA,conserved gene and region,NA,NA,NA,NA,NA,NA,NA,NA,NA,NA,NA,NA,TRUE
cg08327269,61.01366105,79.73632944,NA,Turtru1.0,cg08327269,NEUROD1,NEUROD1_Promoter,GeneScaffold_901,466246,466295,50,-,466246,466247,CGCGGAGCGCTCCATTCCGGCCCCTTTGTGGCCAGAAGAAAGTGGCCCAT,Promoter (2-3kb),3540,463201,464271,1071,2,NEUROD1-201,-2024,NEUROD1-201,NEUROD1,0,FALSE,TRUE,TRUE,FALSE,FALSE,FALSE,FALSE,FALSE,FALSE,Promoter,11,12,NA,NA,NA,NA,mapped to different genes,NA,NA,NA,NA,NA,NA,NA,NA,NA,NA,NA,NA,TRUE
cg11622231,1.043994744,0.991174664,NA,Turtru1.0,cg11622231,SOBP,SOBP_Exon,GeneScaffold_830,164502,164551,50,-,164502,164503,CGCTGCCCATCTTCATGGAGCAGCAGATCATGCAGCAGATCCGCCCGCCC,"Exon (SOBP-201/SOBP, exon 6 of 6)",3461,24648,165928,141281,1,SOBP-201,139854,SOBP-201,SOBP,0,TRUE,FALSE,FALSE,FALSE,FALSE,TRUE,FALSE,FALSE,FALSE,Exon,8,16,ENSTTRG00000008779,ENSTTRG00000008779.1,GeneScaffold_830,NA,conserved gene and region,GeneScaffold_830,164389,164503,115,*,115,11,0.686956522,0.917997097,0.095652174,1.28E-06,CpGisland,TRUE
cg12841266,21.29360998,14.10288726,NA,Turtru1.0,cg12841266,LHFPL4,LHFPL4_Exon,GeneScaffold_3269,449834,449883,50,-,449882,449883,GGATCAGCACCATGGAGAGCAGCACGAAGAAGGCGGCCGCCTTGAAGGCG,Promoter (<=1kb),2524,421723,450152,28430,2,LHFPL4-201,269,LHFPL4-201,LHFPL4,0,TRUE,FALSE,TRUE,FALSE,FALSE,TRUE,FALSE,FALSE,FALSE,Exon,12,12,ENSTTRG00000009736,ENSTTRG00000009736.1,GeneScaffold_3269,NA,conserved gene and region,GeneScaffold_3269,449831,450009,179,*,179,18,0.664804469,0.929065744,0.100558659,6.82E-11,CpGisland,TRUE
cg13020851,-5.110999191,-7.616532349,NA,Turtru1.0,cg13020851,NPAS3,NPAS3_Intergenic_upstream,scaffold_110410,29128,29177,50,+,29176,29177,TAGCCTGTGCATGAGTGCGTTCTTTATCACCTGTCTCCATTTGGCATTCG,Distal Intergenic,4616,132883,900010,767128,1,NPAS3-201,-103706,NA,NA,NA,FALSE,TRUE,FALSE,FALSE,FALSE,FALSE,FALSE,FALSE,TRUE,Intergenic_upstream,9,100,ENSTTRG00000003266,ENSTTRG00000003266.1,scaffold_110410,NA,conserved gene but different region,NA,NA,NA,NA,NA,NA,NA,NA,NA,NA,NA,NA,TRUE
cg13502730,0.15819611,5.503066581,NA,Turtru1.0,cg13502730,BARHL2,BARHL2_Intergenic_upstream,scaffold_98741,76103,76152,50,-,76103,76104,CGTTTATGGGTCTTTTCATGTTATCAACTTAGCTCATAGCGTGGAACTAA,Distal Intergenic,6773,87632,92316,4685,1,BARHL2-201,-11529,NA,NA,NA,FALSE,TRUE,FALSE,FALSE,FALSE,FALSE,FALSE,FALSE,TRUE,Intergenic_upstream,12,30,ENSTTRG00000012409,ENSTTRG00000012409.1,scaffold_98741,NA,conserved gene and region,NA,NA,NA,NA,NA,NA,NA,NA,NA,NA,NA,NA,TRUE
cg13518541,84.14565596,1.447435799,NA,Turtru1.0,cg13518541,MEF2C,MEF2C_Intergenic_downstream,scaffold_115684,644183,644232,50,-,644231,644232,GACAGGGAGCTGACGTCAATGGACGTGACCTCGCAGCTAAACCTTGAACG,Distal Intergenic,5341,507412,600106,92695,1,MEF2C-201,136820,NA,NA,NA,FALSE,TRUE,FALSE,FALSE,FALSE,FALSE,FALSE,FALSE,TRUE,Intergenic_downstream,26,77,ENSTTRG00000003944,ENSTTRG00000003944.1,scaffold_115684,NA,mapped to different genes,scaffold_115684,644169,644425,257,*,257,30,0.6692607,1.045991046,0.116731518,8.90E-20,CpGisland,TRUE
cg17489311,-4.699028207,-4.136720393,NA,Turtru1.0,cg17489311,PKHD1,PKHD1_Intron,GeneScaffold_2668,109936,109985,50,+,109984,109985,AAATGAATTTGACAGCAAACATCATAACAGTTAGCAGTAATGTGTGTTCG,"Intron (PKHD1-201/PKHD1, intron 62 of 69)",1856,59908,485669,425762,2,PKHD1-201,375684,PKHD1-201,PKHD1,0,TRUE,FALSE,FALSE,FALSE,FALSE,FALSE,TRUE,FALSE,FALSE,Intron,18,23,ENSTTRG00000008368,ENSTTRG00000008368.1,GeneScaffold_2668,NA,conserved gene and region,NA,NA,NA,NA,NA,NA,NA,NA,NA,NA,NA,NA,TRUE
cg17997082,4.195671134,10.7174899,NA,Turtru1.0,cg17997082,gene:ENSTTRG00000003947,gene:ENSTTRG00000003947_Promoter,scaffold_98541,11265,11314,50,-,11313,11314,TGTTTATTCATTAGATCTTTAGAAAATCTACATTGCCTCCAGACAGCGCG,Promoter (9-10kb),6755,20862,21485,624,1,transcript:ENSTTRT00000003942,-9597,NA,NA,NA,FALSE,TRUE,TRUE,FALSE,FALSE,FALSE,FALSE,FALSE,FALSE,Promoter,13,21,NA,NA,NA,NA,mapped to different genes,NA,NA,NA,NA,NA,NA,NA,NA,NA,NA,NA,NA,TRUE
cg18304538,29.89828299,11.8139481,NA,Turtru1.0,cg18304538,TBCA,TBCA_Intergenic_upstream,GeneScaffold_2695,123472,123521,50,-,123472,123473,CGAATGAAATGTAATTTGTGCAAGAATTTGTTGTATCTGTCACAAATATT,Distal Intergenic,1886,24063,65311,41249,2,TBCA-201,-58210,NA,NA,NA,FALSE,TRUE,FALSE,FALSE,FALSE,FALSE,FALSE,FALSE,TRUE,Intergenic_upstream,32,32,ENSTTRG00000006911,ENSTTRG00000006911.1,GeneScaffold_2695,NA,conserved gene but different region,NA,NA,NA,NA,NA,NA,NA,NA,NA,NA,NA,NA,TRUE
cg11822715,NA,-8.523680081,NA,Turtru1.0,cg11822715,MEIS2,MEIS2_Intron,GeneScaffold_1345,65639,65688,50,-,65639,65640,CGTTTGCCGCTGCTCATTAACAAACAATACTGCTGTGAAATTGGTTTAAT,"Intron (MEIS2-201/MEIS2, intron 9 of 9)",387,37332,235576,198245,2,MEIS2-201,169888,MEIS2-201,MEIS2,0,TRUE,FALSE,FALSE,FALSE,FALSE,FALSE,TRUE,FALSE,FALSE,Intron,41,93,ENSTTRG00000014494,ENSTTRG00000014494.1,GeneScaffold_1345,NA,conserved gene and region,NA,NA,NA,NA,NA,NA,NA,NA,NA,NA,NA,NA,TRUE
cg13759353,NA,0.784427335,NA,Turtru1.0,cg13759353,SOX2,SOX2_Intergenic_downstream,scaffold_91841,168037,168086,50,+,168085,168086,AACTCTAACAGTACTTTCTATTCTCCCAGCTGCTCACGTATTCCTTAACG,Distal Intergenic,6356,149452,150429,978,1,SOX2-201,18585,NA,NA,NA,FALSE,TRUE,FALSE,FALSE,FALSE,FALSE,FALSE,FALSE,TRUE,Intergenic_downstream,20,53,ENSTTRG00000004853,ENSTTRG00000004853.1,scaffold_91841,NA,mapped to different genes,NA,NA,NA,NA,NA,NA,NA,NA,NA,NA,NA,NA,TRUE
cg05761052,NA,-5.101572443,NA,Turtru1.0,cg05761052,LRIG3,LRIG3_Intron,scaffold_96347,49589,49638,50,+,49637,49638,AAACTATAAAAATCCTGCAATTACAACCACTGCTGTGCATGCTCACCACG,"Intron (LRIG3-201/LRIG3, intron 1 of 20)",6587,7680,54001,46322,2,LRIG3-201,4363,LRIG3-201,LRIG3,0,TRUE,FALSE,FALSE,FALSE,FALSE,FALSE,TRUE,FALSE,FALSE,Intron,1,1,ENSTTRG00000001998,ENSTTRG00000001998.1,scaffold_96347,NA,conserved gene and region,NA,NA,NA,NA,NA,NA,NA,NA,NA,NA,NA,NA,TRUE
cg18577444,-15.38849849,-4.108444257,NA,Turtru1.0,cg18577444,ZNF536,ZNF536_Intergenic_upstream,GeneScaffold_3388,3910,3959,50,-,3958,3959,ATCACAGGATAATTGCAGAACGCCTGCATAAGTAATTTCTTATGAAATCG,Distal Intergenic,2656,72711,168729,96019,1,ZNF536-201,-68801,NA,NA,NA,FALSE,TRUE,FALSE,FALSE,FALSE,FALSE,FALSE,FALSE,TRUE,Intergenic_upstream,16,68,ENSTTRG00000009847,ENSTTRG00000009847.1,GeneScaffold_3388,NA,conserved gene but different region,NA,NA,NA,NA,NA,NA,NA,NA,NA,NA,NA,NA,TRUE
cg22591675,-5.625860683,-12.4316834,NA,Turtru1.0,cg22591675,NPAS3,NPAS3_Intergenic_upstream,scaffold_110410,29199,29248,50,-,29199,29200,CGATTTGTTATTCTGCTCCACTTGAGAGCTGAACTAAATAACACTTGGTC,Distal Intergenic,4616,132883,900010,767128,1,NPAS3-201,-103684,NA,NA,NA,FALSE,TRUE,FALSE,FALSE,FALSE,FALSE,FALSE,FALSE,TRUE,Intergenic_upstream,9,100,ENSTTRG00000003266,ENSTTRG00000003266.1,scaffold_110410,NA,conserved gene but different region,NA,NA,NA,NA,NA,NA,NA,NA,NA,NA,NA,NA,TRUE
cg24866418,21.23308908,8.909695847,NA,Turtru1.0,cg24866418,LHFPL4,LHFPL4_Exon,GeneScaffold_3269,449823,449872,50,-,449871,449872,GATGCAGCCGAGGATCAGCACCATGGAGAGCAGCACGAAGAAGGCGGCCG,Promoter (<=1kb),2524,421723,450152,28430,2,LHFPL4-201,280,LHFPL4-201,LHFPL4,0,TRUE,FALSE,TRUE,FALSE,FALSE,TRUE,FALSE,FALSE,FALSE,Exon,12,12,ENSTTRG00000009736,ENSTTRG00000009736.1,GeneScaffold_3269,NA,conserved gene and region,GeneScaffold_3269,449831,450009,179,*,179,18,0.664804469,0.929065744,0.100558659,6.82E-11,CpGisland,TRUE
cg08519289,NA,-0.090731163,NA,Turtru1.0,cg08519289,gene:ENSTTRG00000003500,gene:ENSTTRG00000003500_Intergenic_upstream,scaffold_111062,188302,188351,50,+,188350,188351,AAGCAAGCGCCTCCTTTTAACTTCTGCCTACTGCGCATTTTGGATTATCG,Distal Intergenic,4718,203877,204049,173,1,transcript:ENSTTRT00000003495,-15526,NA,NA,NA,FALSE,TRUE,FALSE,FALSE,FALSE,FALSE,FALSE,FALSE,TRUE,Intergenic_upstream,9,9,NA,NA,NA,NA,mapped to different genes,NA,NA,NA,NA,NA,NA,NA,NA,NA,NA,NA,NA,TRUE
cg09228164,NA,3.099977993,NA,Turtru1.0,cg09228164,PCDHGC5,PCDHGC5_Promoter,GeneScaffold_1044,187310,187359,50,+,187358,187359,GGTCGCTGGAGAGGTGAACCAAAGACACTTCCGTGTGGATTTGGACAGCG,Promoter (3-4kb),53,191145,209222,18078,1,PCDHGC5-201,-3786,PCDHGC5-201,PCDHGC5,-3786,FALSE,TRUE,TRUE,FALSE,FALSE,FALSE,FALSE,FALSE,FALSE,Promoter,5,9,ENSTTRG00000013730,ENSTTRG00000013730.1,GeneScaffold_1044,NA,mapped to different genes,NA,NA,NA,NA,NA,NA,NA,NA,NA,NA,NA,NA,TRUE
cg00860838,NA,2.866762278,NA,Turtru1.0,cg00860838,LHFPL4,LHFPL4_Exon,GeneScaffold_3269,450046,450095,50,-,450094,450095,ATGATGGCGAAGCAGATGGTGAAGATGGCCCACAGCACGCCGATGGCCCG,Promoter (<=1kb),2524,421723,450152,28430,2,LHFPL4-201,57,LHFPL4-201,LHFPL4,0,TRUE,FALSE,TRUE,FALSE,FALSE,TRUE,FALSE,FALSE,FALSE,Exon,12,12,ENSTTRG00000009736,ENSTTRG00000009736.1,GeneScaffold_3269,NA,conserved gene and region,GeneScaffold_3269,450086,450291,206,*,206,27,0.762135922,0.939209726,0.131067961,2.52E-19,CpGisland,TRUE
cg02532525,NA,25.74632323,NA,Turtru1.0,cg02532525,OVCA2,OVCA2_Exon,GeneScaffold_3179,203532,203581,50,+,203580,203581,CTGTTACTGAGGGCGGCCCGGGCAGTAAGCAGTCTAGAGCCAAGGTGCCG,"Exon (MIR212-201/MIR212-201, exon 1 of 1)",2424,197891,198924,1034,1,OVCA2-201,5641,OVCA2-201,OVCA2,5641,TRUE,FALSE,FALSE,FALSE,FALSE,TRUE,FALSE,FALSE,FALSE,Exon,5,5,ENSTTRG00000001173,ENSTTRG00000001173.1,GeneScaffold_3179,NA,mapped to different genes,GeneScaffold_3179,203580,203718,139,*,139,15,0.71942446,0.842424242,0.107913669,1.28E-09,CpGisland,TRUE
cg02658193,NA,7.062430931,NA,Turtru1.0,cg02658193,LEF1,LEF1_Promoter,GeneScaffold_2338,324629,324678,50,-,324629,324630,CGTGTGCTCCCAGCTCCCAGCTGAGAAGGCCAAGGGTTCTCTTCCGGGTA,Promoter (6-7kb),1490,213223,318113,104891,2,LEF1-201,-6565,NA,NA,NA,FALSE,TRUE,TRUE,FALSE,FALSE,FALSE,FALSE,FALSE,FALSE,Promoter,1,9,ENSTTRG00000008109,ENSTTRG00000008109.1,GeneScaffold_2338,NA,mapped to different genes,NA,NA,NA,NA,NA,NA,NA,NA,NA,NA,NA,NA,TRUE
cg02724965,NA,-2.338064522,NA,Turtru1.0,cg02724965,CYP7B1,CYP7B1_Intergenic_upstream,scaffold_115513,501919,501968,50,+,501919,501920,CGAGTACCCAGTAATGCTGCAAGCACATGGAGACTGACAGAAGGTAAATT,Distal Intergenic,5322,245431,423097,177667,2,CYP7B1-201,-78822,NA,NA,NA,FALSE,TRUE,FALSE,FALSE,FALSE,FALSE,FALSE,FALSE,TRUE,Intergenic_upstream,7,42,ENSTTRG00000001843,ENSTTRG00000001843.1,scaffold_115513,NA,conserved gene and region,NA,NA,NA,NA,NA,NA,NA,NA,NA,NA,NA,NA,TRUE
cg03537184,NA,-8.865563401,NA,Turtru1.0,cg03537184,UBP1,UBP1_Intron,GeneScaffold_3044,728071,728120,50,-,728119,728120,ATACCCAGATTCTGCAACTTACAATCACAGATCCGTTTGCAAATCAGTCG,"Intron (NA, intron 9 of 0)",2275,508647,560690,52044,2,UBP1-201,-167430,NA,NA,NA,TRUE,FALSE,FALSE,FALSE,FALSE,FALSE,TRUE,FALSE,FALSE,Intron,2,6,ENSTTRG00000016791,ENSTTRG00000016791.1,GeneScaffold_3044,NA,mapped to different genes,NA,NA,NA,NA,NA,NA,NA,NA,NA,NA,NA,NA,TRUE
cg12957948,NA,-7.610669669,NA,Turtru1.0,cg12957948,LRMDA,LRMDA_Intron,GeneScaffold_1882,84279,84328,50,-,84279,84280,CGAAATGGCTAAGCAGCCCAAGATGGATGGGGCACAGAACCGGCAAGGTC,"Intron (LRMDA-201/LRMDA, intron 1 of 5)",983,7739,660915,653177,1,LRMDA-201,76540,LRMDA-201,LRMDA,0,TRUE,FALSE,FALSE,FALSE,FALSE,FALSE,TRUE,FALSE,FALSE,Intron,60,60,ENSTTRG00000012508,ENSTTRG00000012508.1,GeneScaffold_1882,NA,conserved gene and region,NA,NA,NA,NA,NA,NA,NA,NA,NA,NA,NA,NA,TRUE
cg06472065,-1.724427583,NA,NA,Turtru1.0,cg06472065,SYNGAP1,SYNGAP1_Intron,GeneScaffold_3461,45791,45840,50,+,45791,45792,CGCTTAAAAGGTTTCCATGGGAACAGTGAGGGGAGATGAAGGCAGAGAAC,"Intron (SYNGAP1-201/SYNGAP1, intron 5 of 23)",2738,38082,66422,28341,1,SYNGAP1-201,7709,SYNGAP1-201,SYNGAP1,0,TRUE,FALSE,FALSE,FALSE,FALSE,FALSE,TRUE,FALSE,FALSE,Intron,3,13,ENSTTRG00000006926,ENSTTRG00000006926.1,GeneScaffold_3461,NA,conserved gene but different region,NA,NA,NA,NA,NA,NA,NA,NA,NA,NA,NA,NA,TRUE
cg13832100,NA,-1.849738587,NA,Turtru1.0,cg13832100,NHEJ1,NHEJ1_Intron,GeneScaffold_1416,287463,287512,50,+,287463,287464,CGGATGGAAATGCCCATAAAGCCGTATCAAACCCTGTGCAGAGAAGGACA,"Intron (NHEJ1-201/NHEJ1, intron 4 of 6)",466,252343,321076,68734,2,NHEJ1-201,33564,NHEJ1-201,NHEJ1,0,TRUE,FALSE,FALSE,FALSE,FALSE,FALSE,TRUE,FALSE,FALSE,Intron,5,5,NA,NA,NA,NA,mapped to different genes,NA,NA,NA,NA,NA,NA,NA,NA,NA,NA,NA,NA,TRUE
cg06602723,NA,-10.9959151,NA,Turtru1.0,cg06602723,HOXB8,HOXB8_Promoter,scaffold_109218,193751,193800,50,+,193799,193800,TACGAGTTCTTTCCTCTACAGCTATAAAACTGCAGCTTCGATCGCCCCCG,Promoter (1-2kb),4466,190868,192369,1502,2,HOXB8-201,-1382,HOXB8-201,HOXB8,0,FALSE,TRUE,TRUE,FALSE,FALSE,FALSE,FALSE,FALSE,FALSE,Promoter,14,18,ENSTTRG00000012260,ENSTTRG00000012260.1,scaffold_109218,NA,mapped to different genes,NA,NA,NA,NA,NA,NA,NA,NA,NA,NA,NA,NA,TRUE
cg07774376,NA,-3.732667803,NA,Turtru1.0,cg07774376,ERI3,ERI3_Intron,GeneScaffold_2710,263226,263275,50,+,263226,263227,CGATTTGTCCGGACTTGTTTGTCAGTTGCTTTGTGCTTCGGGTCATCTTT,"Intron (ERI3-201/ERI3, intron 3 of 10)",1904,159040,290711,131672,2,ERI3-201,27436,ERI3-201,ERI3,0,TRUE,FALSE,FALSE,FALSE,FALSE,FALSE,TRUE,FALSE,FALSE,Intron,79,85,ENSTTRG00000013120,ENSTTRG00000013120.1,GeneScaffold_2710,NA,conserved gene and region,NA,NA,NA,NA,NA,NA,NA,NA,NA,NA,NA,NA,TRUE
cg10066933,NA,-7.496366426,NA,Turtru1.0,cg10066933,PLXNA2,PLXNA2_Promoter,scaffold_107032,267201,267250,50,+,267249,267250,CATGGGCCTGTCAGAAATCTCCCAGAATTCCCTTTATTATCTAAAGGTCG,Promoter (8-9kb),4226,63626,258520,194895,2,PLXNA2-201,-8681,NA,NA,NA,FALSE,TRUE,TRUE,FALSE,FALSE,FALSE,FALSE,FALSE,FALSE,Promoter,2,3,ENSTTRG00000012652,ENSTTRG00000012652.1,scaffold_107032,NA,conserved gene but different region,NA,NA,NA,NA,NA,NA,NA,NA,NA,NA,NA,NA,TRUE
cg11084334,NA,10.47722528,NA,Turtru1.0,cg11084334,LHFPL4,LHFPL4_Exon,GeneScaffold_3269,450005,450054,50,+,450053,450054,TGTCGCCCACCCAGTAGGGCTGGATGAAGACCACCACGTTGATGATGGCG,Promoter (<=1kb),2524,421723,450152,28430,2,LHFPL4-201,98,LHFPL4-201,LHFPL4,0,TRUE,FALSE,TRUE,FALSE,FALSE,TRUE,FALSE,FALSE,FALSE,Exon,12,12,ENSTTRG00000009736,ENSTTRG00000009736.1,GeneScaffold_3269,NA,conserved gene and region,NA,NA,NA,NA,NA,NA,NA,NA,NA,NA,NA,NA,TRUE
cg14730452,NA,1.502877336,NA,Turtru1.0,cg14730452,EMC4,EMC4_Exon,GeneScaffold_1439,866749,866798,50,+,866797,866798,GGTTACTTGGACAAGCAAGTGCCTGATACCAGCGTGCAAGAGACAGACCG,Promoter (<=1kb),491,866279,870719,4441,1,EMC4-201,470,EMC4-201,EMC4,0,TRUE,FALSE,TRUE,FALSE,FALSE,TRUE,FALSE,FALSE,FALSE,Exon,1,1,NA,NA,NA,NA,mapped to different genes,NA,NA,NA,NA,NA,NA,NA,NA,NA,NA,NA,NA,TRUE
cg09296085,NA,-2.451372916,NA,Turtru1.0,cg09296085,PDZRN4,PDZRN4_Intron,GeneScaffold_72,540322,540371,50,+,540370,540371,ACCTATTGAAAGTAATAGGCCAATGAGCAAATTGCTACTGTGGGACATCG,"Intron (PDZRN4-201/PDZRN4, intron 6 of 12)",3338,368739,737408,368670,1,PDZRN4-201,171583,PDZRN4-201,PDZRN4,0,TRUE,FALSE,FALSE,FALSE,FALSE,FALSE,TRUE,FALSE,FALSE,Intron,6,6,ENSTTRG00000007447,ENSTTRG00000007447.1,GeneScaffold_72,NA,conserved gene and region,NA,NA,NA,NA,NA,NA,NA,NA,NA,NA,NA,NA,TRUE
cg16237236,NA,-1.201333135,NA,Turtru1.0,cg16237236,CHD5,CHD5_Exon,GeneScaffold_230,104666,104715,50,-,104666,104667,CGGGCACCTACCGGTCACATAGGGCCCCAGGGGCATCTGGTTGTAGTTGA,"Exon (CHD5-201/CHD5, exon 48 of 49)",1448,104563,167842,63280,2,CHD5-201,63127,CHD5-201,CHD5,0,TRUE,FALSE,FALSE,FALSE,FALSE,TRUE,TRUE,FALSE,FALSE,Exon,5,7,ENSTTRG00000010468,ENSTTRG00000010468.1,GeneScaffold_230,NA,conserved gene but different region,GeneScaffold_230,104593,104678,86,*,86,10,0.825581395,0.685805423,0.11627907,7.18E-07,CpGisland,TRUE
cg12055515,NA,-7.116309815,NA,Turtru1.0,cg12055515,MEIS1,MEIS1_Intron,GeneScaffold_1711,167384,167433,50,+,167384,167385,CGCTGAAAGGTTTGACAGTTTGACATATAGTGCATGGTTTTGATAGCTCG,"Intron (MEIS1-201/MEIS1, intron 6 of 12)",794,100297,237180,136884,1,MEIS1-201,67087,MEIS1-201,MEIS1,0,TRUE,FALSE,FALSE,FALSE,FALSE,FALSE,TRUE,FALSE,FALSE,Intron,17,77,ENSTTRG00000014585,ENSTTRG00000014585.1,GeneScaffold_1711,NA,conserved gene and region,NA,NA,NA,NA,NA,NA,NA,NA,NA,NA,NA,NA,TRUE
cg12791866,NA,-14.67799675,NA,Turtru1.0,cg12791866,CHD7,CHD7_Intron,GeneScaffold_2685,174568,174617,50,-,174568,174569,CGGTGGGCTTAACCTCTGCTATTAATCTGTACAAGTGCCTCCTGGGCTTT,"Intron (CHD7-201/CHD7, intron 35 of 54)",1875,69569,190459,120891,1,CHD7-201,104999,CHD7-201,CHD7,0,TRUE,FALSE,FALSE,FALSE,FALSE,FALSE,TRUE,FALSE,FALSE,Intron,4,12,ENSTTRG00000004221,ENSTTRG00000004221.1,GeneScaffold_2685,NA,conserved gene and region,NA,NA,NA,NA,NA,NA,NA,NA,NA,NA,NA,NA,TRUE
cg11716762,NA,8.305025806,NA,Turtru1.0,cg11716762,HOXC4,HOXC4_Promoter,scaffold_105794,213592,213641,50,-,213592,213593,CGACACTGAATTATTTATGCGCCCTTAGAAAGCGAGCATAGTTTTCACAC,Promoter (<=1kb),4098,213035,214322,1288,2,HOXC4-201,681,HOXC4-201,HOXC4,0,TRUE,FALSE,TRUE,FALSE,FALSE,FALSE,TRUE,FALSE,FALSE,Promoter,33,63,NA,NA,NA,NA,mapped to different genes,NA,NA,NA,NA,NA,NA,NA,NA,NA,NA,NA,NA,TRUE
cg05737629,-12.12750765,NA,NA,Turtru1.0,cg05737629,DSCAM,DSCAM_Exon,GeneScaffold_3075,542972,543021,50,+,543020,543021,TACTTTTAACCGTGAGGTACATGGACTTGCTGACGTCTGCGCCCACATCG,"Exon (DSCAM-201/DSCAM, exon 14 of 42)",2309,345563,875714,530152,2,DSCAM-201,332693,DSCAM-201,DSCAM,0,TRUE,FALSE,FALSE,FALSE,FALSE,TRUE,TRUE,FALSE,FALSE,Exon,12,12,ENSTTRG00000010929,ENSTTRG00000010929.1,GeneScaffold_3075,NA,conserved gene and region,NA,NA,NA,NA,NA,NA,NA,NA,NA,NA,NA,NA,TRUE
cg15043858,-17.15067754,NA,NA,Turtru1.0,cg15043858,ZFHX3,ZFHX3_Intergenic_downstream,GeneScaffold_1615,7286,7335,50,-,7334,7335,AGACAAAGTCATTTATGTAATGTGTCTCCCTGCTGAGCCCCTAATGGCCG,Distal Intergenic,687,108408,275315,166908,2,ZFHX3-201,268029,NA,NA,NA,FALSE,TRUE,FALSE,FALSE,FALSE,FALSE,FALSE,FALSE,TRUE,Intergenic_downstream,3,65,ENSTTRG00000002935,ENSTTRG00000002935.1,GeneScaffold_1615,NA,mapped to different genes,NA,NA,NA,NA,NA,NA,NA,NA,NA,NA,NA,NA,TRUE
cg00735249,-0.589973103,NA,NA,Turtru1.0,cg00735249,CSMD2,CSMD2_Exon,GeneScaffold_1081,210898,210947,50,+,210898,210899,CGGTCACTTTCCAGTCACACTCCTTGCCTGGCGGGTAGGGTTCTGGGTAA,"Exon (CSMD2-201/CSMD2, exon 31 of 75)",94,59236,690063,630828,2,CSMD2-201,479116,CSMD2-201,CSMD2,0,TRUE,FALSE,FALSE,FALSE,FALSE,TRUE,FALSE,FALSE,FALSE,Exon,3,7,ENSTTRG00000002221,ENSTTRG00000002221.1,GeneScaffold_1081,NA,conserved gene and region,NA,NA,NA,NA,NA,NA,NA,NA,NA,NA,NA,NA,TRUE
cg18192799,NA,4.92101376,NA,Turtru1.0,cg18192799,ONECUT1,ONECUT1_Exon,GeneScaffold_2609,82112,82161,50,-,82112,82113,CGGTGGTGATACGCTGCGCCACCTCTTTGGTATTGATCTCTTCCATCTGC,Promoter (<=1kb),1791,50646,83021,32376,2,ONECUT1-201,860,ONECUT1-201,ONECUT1,0,TRUE,FALSE,TRUE,FALSE,FALSE,TRUE,FALSE,FALSE,FALSE,Exon,5,28,ENSTTRG00000013376,ENSTTRG00000013376.1,GeneScaffold_2609,NA,conserved gene and region,NA,NA,NA,NA,NA,NA,NA,NA,NA,NA,NA,NA,TRUE
cg13679010,NA,-18.32581936,NA,Turtru1.0,cg13679010,CXXC4,CXXC4_Promoter,scaffold_106148,61391,61440,50,+,61391,61392,CGTGGACACCTACTGATGATTGGCTGCAAATTACACGGGGAACAAGAGGC,Promoter (3-4kb),4134,39342,58048,18707,2,CXXC4-201,-3343,CXXC4-201,CXXC4,0,FALSE,TRUE,TRUE,FALSE,FALSE,FALSE,FALSE,FALSE,FALSE,Promoter,3,12,ENSTTRG00000011432,ENSTTRG00000011432.1,scaffold_106148,NA,mapped to different genes,scaffold_106148,61313,61394,82,*,82,11,0.804878049,1.239010989,0.134146341,3.20E-08,CpGisland,TRUE
cg27220635,NA,2.300891812,NA,Turtru1.0,cg27220635,KCNJ9,KCNJ9_Exon,GeneScaffold_2156,340637,340686,50,+,340685,340686,GGCCATCCTGGGCTCCATGGTGAACGCCTTCATGGTGGGCTGCATGTTCG,Promoter (<=1kb),1288,340212,341060,849,1,KCNJ9-201,425,KCNJ9-201,KCNJ9,0,TRUE,FALSE,TRUE,FALSE,FALSE,TRUE,FALSE,FALSE,FALSE,Exon,6,7,ENSTTRG00000001824,ENSTTRG00000001824.1,GeneScaffold_2156,NA,conserved gene and region,GeneScaffold_2156,340661,341070,410,*,410,56,0.668292683,1.234408602,0.136585366,1.32E-40,CpGisland,TRUE
cg25249632,NA,-0.553203573,NA,Turtru1.0,cg25249632,ASCC3,ASCC3_Intron,GeneScaffold_827,281577,281626,50,-,281625,281626,TGAGTTGTTTAATGATTCTAATAGCCAGAAGCGTACTGAGAAAGCCAGCG,"Intron (ASCC3-201/ASCC3, intron 35 of 46)",3457,205390,511492,306103,2,ASCC3-201,229866,ASCC3-201,ASCC3,0,TRUE,FALSE,FALSE,FALSE,FALSE,FALSE,TRUE,FALSE,FALSE,Intron,6,6,ENSTTRG00000008255,ENSTTRG00000008255.1,GeneScaffold_827,NA,conserved gene and region,NA,NA,NA,NA,NA,NA,NA,NA,NA,NA,NA,NA,TRUE
cg25742767,NA,8.971544693,NA,Turtru1.0,cg25742767,DBX1,DBX1_Intron,GeneScaffold_2494,648905,648954,50,-,648953,648954,TGTCAAGCAGTCACTGCTTGTGCTCAATAGGGCATCAAATTGGCGCGACG,"Intron (DBX1-201/DBX1, intron 2 of 5)",1663,646200,650628,4429,2,DBX1-201,1674,DBX1-201,DBX1,0,TRUE,FALSE,FALSE,FALSE,FALSE,FALSE,TRUE,FALSE,FALSE,Intron,6,19,ENSTTRG00000000318,ENSTTRG00000000318.1,GeneScaffold_2494,NA,conserved gene and region,GeneScaffold_2494,648948,649088,141,*,141,15,0.631205674,1.119047619,0.106382979,1.59E-09,CpGisland,TRUE
cg15675176,NA,3.03315365,NA,Turtru1.0,cg15675176,POU6F2,POU6F2_Exon,GeneScaffold_693,74779,74828,50,+,74827,74828,AGGACAAGGCTGCTACTTCAGACAGCGAGCTGAATGAGCCCCTGCTTGCG,"Exon (POU6F2-201/POU6F2, exon 2 of 16)",3308,12213,440642,428430,1,POU6F2-201,62566,POU6F2-201,POU6F2,0,TRUE,FALSE,FALSE,FALSE,FALSE,TRUE,FALSE,FALSE,FALSE,Exon,7,18,ENSTTRG00000010646,ENSTTRG00000010646.1,GeneScaffold_693,NA,conserved gene and region,NA,NA,NA,NA,NA,NA,NA,NA,NA,NA,NA,NA,TRUE
cg23980428,NA,-4.626426477,NA,Turtru1.0,cg23980428,LRMDA,LRMDA_Intron,GeneScaffold_1882,84271,84320,50,+,84319,84320,GAAGCCAGCGAAATGGCTAAGCAGCCCAAGATGGATGGGGCACAGAACCG,"Intron (LRMDA-201/LRMDA, intron 1 of 5)",983,7739,660915,653177,1,LRMDA-201,76532,LRMDA-201,LRMDA,0,TRUE,FALSE,FALSE,FALSE,FALSE,FALSE,TRUE,FALSE,FALSE,Intron,60,60,ENSTTRG00000012508,ENSTTRG00000012508.1,GeneScaffold_1882,NA,conserved gene and region,NA,NA,NA,NA,NA,NA,NA,NA,NA,NA,NA,NA,TRUE
cg19973689,NA,9.311212588,NA,Turtru1.0,cg19973689,POU6F2,POU6F2_Exon,GeneScaffold_693,74700,74749,50,-,74748,74749,TAGGATCCAATGATAGCTGGACAAGTCAGTAAGCCCTTGCTGTCAGTGCG,"Exon (POU6F2-201/POU6F2, exon 2 of 16)",3308,12213,440642,428430,1,POU6F2-201,62487,POU6F2-201,POU6F2,0,TRUE,FALSE,FALSE,FALSE,FALSE,TRUE,TRUE,FALSE,FALSE,Exon,7,18,ENSTTRG00000010646,ENSTTRG00000010646.1,GeneScaffold_693,NA,conserved gene and region,NA,NA,NA,NA,NA,NA,NA,NA,NA,NA,NA,NA,TRUE
cg21008822,NA,-0.985673704,NA,Turtru1.0,cg21008822,AUTS2,AUTS2_Intron,GeneScaffold_2147,434555,434604,50,+,434555,434556,CGAGACATCATCATTTGAGCAGGTCAAGCATATTCAGATGAAGACAAATG,"Intron (AUTS2-201/AUTS2, intron 6 of 21)",1278,37624,760155,722532,1,AUTS2-201,396931,AUTS2-201,AUTS2,0,TRUE,FALSE,FALSE,FALSE,FALSE,FALSE,TRUE,FALSE,FALSE,Intron,52,57,ENSTTRG00000014016,ENSTTRG00000014016.1,GeneScaffold_2147,NA,conserved gene but different region,NA,NA,NA,NA,NA,NA,NA,NA,NA,NA,NA,NA,TRUE
cg25982943,NA,22.41340704,NA,Turtru1.0,cg25982943,LHFPL4,LHFPL4_Exon,GeneScaffold_3269,450008,450057,50,+,450008,450009,CGCCCACCCAGTAGGGCTGGATGAAGACCACCACGTTGATGATGGCGAAG,Promoter (<=1kb),2524,421723,450152,28430,2,LHFPL4-201,95,LHFPL4-201,LHFPL4,0,TRUE,FALSE,TRUE,FALSE,FALSE,TRUE,FALSE,FALSE,FALSE,Exon,12,12,ENSTTRG00000009736,ENSTTRG00000009736.1,GeneScaffold_3269,NA,conserved gene and region,GeneScaffold_3269,449831,450009,179,*,179,18,0.664804469,0.929065744,0.100558659,6.82E-11,CpGisland,TRUE
cg14445321,-9.309465622,NA,NA,Turtru1.0,cg14445321,NTM,NTM_Intron,GeneScaffold_3031,273787,273836,50,+,273787,273788,CGGGTTACATTTTGCTTTAATAGCATTTAAGCCAATCTGCCTGATGTTGC,"Intron (NTM-201/NTM, intron 1 of 7)",2261,128150,710273,582124,1,NTM-201,145637,NTM-201,NTM,0,TRUE,FALSE,FALSE,FALSE,FALSE,FALSE,TRUE,FALSE,FALSE,Intron,14,18,ENSTTRG00000005887,ENSTTRG00000005887.1,GeneScaffold_3031,NA,conserved gene and region,NA,NA,NA,NA,NA,NA,NA,NA,NA,NA,NA,NA,TRUE
cg19711579,1.862561972,NA,NA,Turtru1.0,cg19711579,NEUROD1,NEUROD1_Promoter,GeneScaffold_901,466253,466302,50,+,466253,466254,CGCTCCATTCCGGCCCCTTTGTGGCCAGAAGAAAGTGGCCCATCTGTCGC,Promoter (1-2kb),3540,463201,464271,1071,2,NEUROD1-201,-1982,NEUROD1-201,NEUROD1,0,FALSE,TRUE,TRUE,FALSE,FALSE,FALSE,FALSE,FALSE,FALSE,Promoter,11,12,NA,NA,NA,NA,mapped to different genes,NA,NA,NA,NA,NA,NA,NA,NA,NA,NA,NA,NA,TRUE
cg06670018,1.018807044,NA,NA,Turtru1.0,cg06670018,DLX1,DLX1_Intergenic_downstream,scaffold_111745,414862,414911,50,+,414862,414863,CGAACGGATATAATTATCGAGGAGTCAAGATGTTATGCTAAAAACTATGC,Distal Intergenic,4792,406297,408885,2589,1,DLX1-201,8565,NA,NA,NA,FALSE,TRUE,FALSE,FALSE,FALSE,FALSE,FALSE,FALSE,TRUE,Intergenic_downstream,16,37,ENSTTRG00000011374,ENSTTRG00000011374.1,scaffold_111745,NA,conserved gene and region,NA,NA,NA,NA,NA,NA,NA,NA,NA,NA,NA,NA,TRUE
cg01284284,-9.0637131,NA,NA,Turtru1.0,cg01284284,gene:ENSTTRG00000000886,gene:ENSTTRG00000000886_Intergenic_upstream,scaffold_113580,43471,43520,50,-,43471,43472,CGTCCCCTGGGGACAAATGCGATTGGTGTGTTTAATTTCATTAACTACAA,Distal Intergenic,5039,30908,31238,331,2,transcript:ENSTTRT00000000886,-12282,NA,NA,NA,FALSE,TRUE,FALSE,FALSE,FALSE,FALSE,FALSE,FALSE,TRUE,Intergenic_upstream,3,4,NA,NA,NA,NA,mapped to different genes,NA,NA,NA,NA,NA,NA,NA,NA,NA,NA,NA,NA,TRUE
cg01802683,-5.366514291,NA,NA,Turtru1.0,cg01802683,ARID1A,ARID1A_Intron,GeneScaffold_984,48837,48886,50,+,48837,48838,CGGTGCCAAGATTGCTTTAAAAAATTCCCTTGGCCCCAGTTCAAACAGGA,"Intron (ARID1A-201/ARID1A, intron 1 of 23)",3631,28260,94109,65850,1,ARID1A-201,20577,ARID1A-201,ARID1A,0,TRUE,FALSE,FALSE,FALSE,FALSE,FALSE,TRUE,FALSE,FALSE,Intron,9,25,ENSTTRG00000016408,ENSTTRG00000016408.1,GeneScaffold_984,NA,conserved gene and region,NA,NA,NA,NA,NA,NA,NA,NA,NA,NA,NA,NA,TRUE
cg02317025,34.40369885,NA,NA,Turtru1.0,cg02317025,NEUROD1,NEUROD1_Promoter,GeneScaffold_901,466248,466297,50,-,466248,466249,CGGAGCGCTCCATTCCGGCCCCTTTGTGGCCAGAAGAAAGTGGCCCATCT,Promoter (2-3kb),3540,463201,464271,1071,2,NEUROD1-201,-2026,NEUROD1-201,NEUROD1,0,FALSE,TRUE,TRUE,FALSE,FALSE,FALSE,FALSE,FALSE,FALSE,Promoter,11,12,NA,NA,NA,NA,mapped to different genes,NA,NA,NA,NA,NA,NA,NA,NA,NA,NA,NA,NA,TRUE
cg02946452,-0.97544679,NA,NA,Turtru1.0,cg02946452,NELL1,NELL1_Exon,GeneScaffold_3636,759613,759662,50,+,759661,759662,TTCCCGCTGCGTTAACCTGCCAGGGTGGTACCACTGTGAGTGCAGAAGCG,"Exon (NELL1-201/NELL1, exon 16 of 20)",2932,26488,834492,808005,1,NELL1-201,733125,NELL1-201,NELL1,0,TRUE,FALSE,FALSE,FALSE,FALSE,TRUE,FALSE,FALSE,FALSE,Exon,5,7,ENSTTRG00000001700,ENSTTRG00000001700.1,GeneScaffold_3636,NA,conserved gene and region,NA,NA,NA,NA,NA,NA,NA,NA,NA,NA,NA,NA,TRUE
cg03167448,-0.903242805,NA,NA,Turtru1.0,cg03167448,ZEB1,ZEB1_Exon,GeneScaffold_1880,206049,206098,50,+,206097,206098,AGTTGCTCCCTGTGCAGTTACACCTTTGCATACAGAACCCAACTTGAACG,"Exon (ZEB1-201/ZEB1, exon 5 of 12)",981,51860,224720,172861,1,ZEB1-201,154189,ZEB1-201,ZEB1,0,TRUE,FALSE,FALSE,FALSE,FALSE,TRUE,FALSE,FALSE,FALSE,Exon,4,7,ENSTTRG00000011798,ENSTTRG00000011798.1,GeneScaffold_1880,NA,conserved gene but different region,NA,NA,NA,NA,NA,NA,NA,NA,NA,NA,NA,NA,TRUE
cg04256768,0.819414594,NA,NA,Turtru1.0,cg04256768,VANGL2,VANGL2_Exon,GeneScaffold_2156,650087,650136,50,-,650087,650088,CGCCATGGACACCGAGTCCCAGTACTCGGGCTATTCCTACAAGTCGGGCC,Promoter (<=1kb),1288,650091,659046,8956,1,VANGL2-201,0,VANGL2-201,VANGL2,0,TRUE,FALSE,TRUE,FALSE,FALSE,TRUE,FALSE,FALSE,FALSE,Exon,6,6,ENSTTRG00000001841,ENSTTRG00000001841.1,GeneScaffold_2156,NA,conserved gene but different region,GeneScaffold_2156,650064,650184,121,*,121,13,0.652892562,1.009627728,0.107438017,2.26E-08,CpGisland,TRUE
cg13400013,3.984899831,NA,NA,Turtru1.0,cg13400013,EN1,EN1_Promoter,GeneScaffold_2278,68122,68171,50,+,68170,68171,TGTGAATAAAACCCTGGTCAAAAGCTCTGTCACATCGCGCTGGCAAGACG,Promoter (2-3kb),1423,60769,65122,4354,2,EN1-201,-3000,EN1-201,EN1,0,FALSE,TRUE,TRUE,FALSE,FALSE,FALSE,FALSE,FALSE,FALSE,Promoter,28,39,ENSTTRG00000001100,ENSTTRG00000001100.1,GeneScaffold_2278,NA,conserved gene and region,GeneScaffold_2278,68157,68221,65,*,65,12,0.738461538,1.375661376,0.184615385,8.09E-11,CpGisland,TRUE
cg05110733,-9.394728514,NA,NA,Turtru1.0,cg05110733,RBM19,RBM19_Intergenic_downstream,GeneScaffold_1106,146973,147022,50,+,146973,146974,CGGGGGGTCTTGTTTCAGAAATGTCAGATTGCATTATTGTCTTCACACTT,Distal Intergenic,122,187453,313919,126467,2,RBM19-201,166897,NA,NA,NA,FALSE,TRUE,FALSE,FALSE,FALSE,FALSE,FALSE,FALSE,TRUE,Intergenic_downstream,14,16,ENSTTRG00000003987,ENSTTRG00000003987.1,GeneScaffold_1106,NA,mapped to different genes,NA,NA,NA,NA,NA,NA,NA,NA,NA,NA,NA,NA,TRUE
cg05130731,-0.444063456,NA,NA,Turtru1.0,cg05130731,GRM8,GRM8_Exon,GeneScaffold_2964,9741,9790,50,-,9789,9790,ATGACTTACTGTTGGTTTCAAGACTCTCACAGAGTTCACTTTTCACCTCG,"Exon (GRM8-201/GRM8, exon 13 of 13)",2185,9700,708266,698567,2,GRM8-201,698476,GRM8-201,GRM8,0,TRUE,FALSE,FALSE,FALSE,FALSE,TRUE,FALSE,FALSE,FALSE,Exon,3,3,ENSTTRG00000002537,ENSTTRG00000002537.1,GeneScaffold_2964,NA,conserved gene but different region,NA,NA,NA,NA,NA,NA,NA,NA,NA,NA,NA,NA,TRUE
cg05500919,1.918664298,NA,NA,Turtru1.0,cg05500919,STX8,STX8_Intron,GeneScaffold_195,270364,270413,50,+,270364,270365,CGTAATGGGCCCCCTACAGACAAAGCCAGCAAGTTTCTTAATTAAGTCTA,"Intron (STX8-201/STX8, intron 7 of 7)",1058,209946,462727,252782,2,STX8-201,192314,STX8-201,STX8,0,TRUE,FALSE,FALSE,FALSE,FALSE,FALSE,TRUE,FALSE,FALSE,Intron,2,3,NA,NA,NA,NA,mapped to different genes,NA,NA,NA,NA,NA,NA,NA,NA,NA,NA,NA,NA,TRUE
cg19234231,-4.612782658,NA,NA,Turtru1.0,cg19234231,UNCX,UNCX_Intergenic_downstream,GeneScaffold_2400,424137,424186,50,-,424185,424186,TATTTCCAGCTTGTACAGCTGTAAATAGAGACTGACAGTTTATTTTCACG,Distal Intergenic,1560,377609,382090,4482,1,UNCX-201,46577,NA,NA,NA,FALSE,TRUE,FALSE,FALSE,FALSE,FALSE,FALSE,FALSE,TRUE,Intergenic_downstream,57,76,ENSTTRG00000011507,ENSTTRG00000011507.1,GeneScaffold_2400,NA,conserved gene and region,NA,NA,NA,NA,NA,NA,NA,NA,NA,NA,NA,NA,TRUE
cg21209951,-4.412700274,NA,NA,Turtru1.0,cg21209951,HOXA11,HOXA11_Intergenic_downstream,scaffold_100195,18115,18164,50,+,18163,18164,TTTTACATCTAAGAAATCGCTGCAAAACCCCAGCCGGGTTTATAGCGGCG,Downstream (2-3kb),3666,20693,23077,2385,2,HOXA11-201,4913,HOXA11-201,HOXA11,0,FALSE,TRUE,FALSE,FALSE,FALSE,FALSE,FALSE,FALSE,FALSE,Intergenic_downstream,1,26,ENSTTRG00000003480,ENSTTRG00000003480.1,scaffold_100195,NA,mapped to different genes,NA,NA,NA,NA,NA,NA,NA,NA,NA,NA,NA,NA,TRUE
cg17861230,-0.798753595,NA,NA,Turtru1.0,cg17861230,RAB3A,RAB3A_Exon,scaffold_109053,25728,25777,50,-,25728,25729,CGGCAACCCCGGCGCCCCATCCGCATCCAACAGCGCTTCTATTCGGATCC,"Exon (NA, exon 1 of 1)",4447,49210,52875,3666,1,RAB3A-201,-23482,NA,NA,NA,TRUE,FALSE,FALSE,FALSE,FALSE,TRUE,FALSE,FALSE,FALSE,Exon,1,1,ENSTTRG00000012431,ENSTTRG00000012431.1,scaffold_109053,NA,mapped to different genes,scaffold_109053,25668,25929,262,*,262,29,0.748091603,0.791128696,0.110687023,1.97E-18,CpGisland,TRUE
cg15648389,4.644422071,NA,NA,Turtru1.0,cg15648389,HOXC4,HOXC4_Exon,scaffold_105794,213206,213255,50,+,213254,213255,GCGACGGTTTTGGAACCAGATTTTGATCTGCCTCTCAGAGAGGCACAGCG,"Exon (HOXC4-201/HOXC4, exon 2 of 2)",4098,213035,214322,1288,2,HOXC4-201,1067,HOXC4-201,HOXC4,0,TRUE,FALSE,FALSE,FALSE,FALSE,TRUE,FALSE,FALSE,FALSE,Exon,24,63,NA,NA,NA,NA,mapped to different genes,NA,NA,NA,NA,NA,NA,NA,NA,NA,NA,NA,NA,TRUE
cg09497746,2.134766704,NA,NA,Turtru1.0,cg09497746,URAD,URAD_Intergenic_downstream,GeneScaffold_1568,74403,74452,50,+,74451,74452,TTACAAGACTCTATTAGTAATGACACAGACACCAATGGTTGGAGACGTCG,Distal Intergenic,634,82940,90659,7720,2,URAD-201,16207,NA,NA,NA,FALSE,TRUE,FALSE,FALSE,FALSE,FALSE,FALSE,FALSE,TRUE,Intergenic_downstream,6,6,ENSTTRG00000002812,ENSTTRG00000002812.1,GeneScaffold_1568,NA,mapped to different genes,GeneScaffold_1568,74448,74492,45,*,45,8,0.711111111,1.457489879,0.177777778,4.27E-07,CpGisland,TRUE
cg23576695,-6.074599197,NA,NA,Turtru1.0,cg23576695,CHN1,CHN1_Intron,GeneScaffold_1529,119583,119632,50,+,119631,119632,GGAGAACCCAGTTTCATTCCCAAGGCTGCTATCAATAAATCTTGCTGACG,"Intron (CHN1-201/CHN1, intron 3 of 9)",591,69501,179967,110467,2,CHN1-201,60335,CHN1-201,CHN1,0,TRUE,FALSE,FALSE,FALSE,FALSE,FALSE,TRUE,FALSE,FALSE,Intron,2,4,ENSTTRG00000000406,ENSTTRG00000000406.1,GeneScaffold_1529,NA,conserved gene but different region,NA,NA,NA,NA,NA,NA,NA,NA,NA,NA,NA,NA,TRUE
cg12663290,-4.628488308,NA,NA,Turtru1.0,cg12663290,EPHB2,EPHB2_Intron,scaffold_113946,123195,123244,50,+,123243,123244,AGGCTTAGAAAGGCTTAAACTGTTAAATGCATAAACTTCCTCAATCAACG,"Intron (EPHB2-201/EPHB2, intron 2 of 23)",5095,11891,136016,124126,2,EPHB2-201,12772,EPHB2-201,EPHB2,0,TRUE,FALSE,FALSE,FALSE,FALSE,FALSE,TRUE,FALSE,FALSE,Intron,6,13,ENSTTRG00000002635,ENSTTRG00000002635.1,scaffold_113946,NA,conserved gene and region,NA,NA,NA,NA,NA,NA,NA,NA,NA,NA,NA,NA,TRUE
cg24534517,0.178740902,NA,NA,Turtru1.0,cg24534517,HOXC4,HOXC4_Exon,scaffold_105794,213893,213942,50,-,213941,213942,CGTGAATTTTTTTCATCCATGGGTAGACTATGGGTTGCTTGCTGGCGGCG,Promoter (<=1kb),4098,213035,214322,1288,2,HOXC4-201,380,HOXC4-201,HOXC4,0,TRUE,FALSE,TRUE,FALSE,FALSE,TRUE,FALSE,FALSE,FALSE,Exon,24,63,NA,NA,NA,NA,mapped to different genes,NA,NA,NA,NA,NA,NA,NA,NA,NA,NA,NA,NA,TRUE
cg23076498,7.382868358,NA,NA,Turtru1.0,cg23076498,ZFHX4,ZFHX4_Intergenic_upstream,scaffold_108025,95742,95791,50,-,95790,95791,CTCTCTCATTCCCAGAGTGCATATCGGGAATAGACACACAAAGACATGCG,Distal Intergenic,4325,118804,275006,156203,1,ZFHX4-201,-23062,NA,NA,NA,FALSE,TRUE,FALSE,FALSE,FALSE,FALSE,FALSE,FALSE,TRUE,Intergenic_upstream,24,69,ENSTTRG00000002634,ENSTTRG00000002634.1,scaffold_108025,NA,mapped to different genes,NA,NA,NA,NA,NA,NA,NA,NA,NA,NA,NA,NA,TRUE
cg26067250,7.287005998,NA,NA,Turtru1.0,cg26067250,DLX1,DLX1_Exon,scaffold_111745,406292,406341,50,-,406340,406341,AAGAGATGACCATGACCACCATGCCAGAAAGTCTCAACAGCCCCGTGTCG,Promoter (<=1kb),4792,406297,408885,2589,1,DLX1-201,0,DLX1-201,DLX1,0,TRUE,FALSE,TRUE,FALSE,FALSE,TRUE,FALSE,FALSE,FALSE,Exon,8,37,ENSTTRG00000011374,ENSTTRG00000011374.1,scaffold_111745,NA,conserved gene and region,NA,NA,NA,NA,NA,NA,NA,NA,NA,NA,NA,NA,TRUE
cg24240262,2.515025408,NA,NA,Turtru1.0,cg24240262,EBF3,EBF3_Promoter,scaffold_112761,127036,127085,50,-,127084,127085,CTAGACTATTAATAAGCAATTTGTCCCGCTGAAATTTACATTGCAAAGCG,Promoter (8-9kb),4923,2590,118796,116207,2,EBF3-201,-8289,NA,NA,NA,FALSE,TRUE,TRUE,FALSE,FALSE,FALSE,FALSE,FALSE,FALSE,Promoter,10,79,ENSTTRG00000014010,ENSTTRG00000014010.1,scaffold_112761,NA,conserved gene and region,scaffold_112761,127062,127246,185,*,185,23,0.702702703,1.010928962,0.124324324,5.83E-16,CpGisland,TRUE
cg15408129,0.931603745,NA,NA,Turtru1.0,cg15408129,TENM3,TENM3_Exon,GeneScaffold_3594,456718,456767,50,-,456766,456767,ACGCCTTCTACCTGGAGAACCTGCACTTCACCATCGAGGGCAAGGACACG,"Exon (TENM3-201/TENM3, exon 33 of 33)",2885,23292,457229,433938,1,TENM3-201,433426,TENM3-201,TENM3,0,TRUE,FALSE,FALSE,FALSE,FALSE,TRUE,FALSE,FALSE,FALSE,Exon,11,20,ENSTTRG00000001453,ENSTTRG00000001453.1,GeneScaffold_3594,NA,conserved gene and region,GeneScaffold_3594,456749,457370,622,*,622,97,0.749196141,1.117296296,0.155948553,2.01E-76,CpGisland,TRUE
cg14022646,0.222411536,NA,NA,Turtru1.0,cg14022646,ALG6,ALG6_Intergenic_upstream,GeneScaffold_405,13508,13557,50,-,13556,13557,AGATGGTAACACTGATTGAACAAGAGATTAGCACAATAGATCTCTAACCG,Distal Intergenic,2989,50009,104422,54414,1,ALG6-201,-36501,NA,NA,NA,FALSE,TRUE,FALSE,FALSE,FALSE,FALSE,FALSE,FALSE,TRUE,Intergenic_upstream,11,11,ENSTTRG00000007478,ENSTTRG00000007478.1,GeneScaffold_405,NA,mapped to different genes,NA,NA,NA,NA,NA,NA,NA,NA,NA,NA,NA,NA,TRUE
cg16255164,-5.170113787,NA,NA,Turtru1.0,cg16255164,CBFB,CBFB_Exon,GeneScaffold_2178,160901,160950,50,-,160949,160950,ACCAATCTGTCTCTCCAGTTTTTTCCGGCCAGCTGGCAGGGAGAACAGCG,"Exon (CBFB-201/CBFB, exon 3 of 5)",1312,155997,200337,44341,1,CBFB-201,4904,CBFB-201,CBFB,0,TRUE,FALSE,FALSE,FALSE,FALSE,TRUE,FALSE,FALSE,FALSE,Exon,3,5,ENSTTRG00000010200,ENSTTRG00000010200.1,GeneScaffold_2178,NA,conserved gene but different region,NA,NA,NA,NA,NA,NA,NA,NA,NA,NA,NA,NA,TRUE
cg27210768,4.411135848,NA,NA,Turtru1.0,cg27210768,C16orf72,C16orf72_Exon,GeneScaffold_3047,293625,293674,50,-,293625,293626,CGACGCAATAAGGATGTGTTGGCTTGGGTTAAAAAACGCAGAAGAACTAT,"Exon (C16orf72-201/C16orf72, exon 4 of 5)",2278,282128,305745,23618,1,C16orf72-201,11497,C16orf72-201,C16orf72,0,TRUE,FALSE,FALSE,FALSE,FALSE,TRUE,FALSE,FALSE,FALSE,Exon,17,18,ENSTTRG00000014831,ENSTTRG00000014831.1,GeneScaffold_3047,NA,conserved gene and region,NA,NA,NA,NA,NA,NA,NA,NA,NA,NA,NA,NA,TRUE
cg25662907,-1.119543804,NA,NA,Turtru1.0,cg25662907,gene:ENSTTRG00000003500,gene:ENSTTRG00000003500_Intergenic_upstream,scaffold_111062,188287,188336,50,+,188335,188336,ATTTTTAAAACCTAAAAGCAAGCGCCTCCTTTTAACTTCTGCCTACTGCG,Distal Intergenic,4718,203877,204049,173,1,transcript:ENSTTRT00000003495,-15541,NA,NA,NA,FALSE,TRUE,FALSE,FALSE,FALSE,FALSE,FALSE,FALSE,TRUE,Intergenic_upstream,9,9,NA,NA,NA,NA,mapped to different genes,NA,NA,NA,NA,NA,NA,NA,NA,NA,NA,NA,NA,TRUE
cg20699548,-9.135365203,NA,NA,Turtru1.0,cg20699548,NCOA2,NCOA2_Exon,scaffold_114646,114834,114883,50,+,114834,114835,CGTGTCTGGGAAAAGCTGTGGTAATTGACTATTCTGCAAATCATCCAAAA,"Exon (NCOA2-201/NCOA2, exon 11 of 23)",5183,85298,173462,88165,2,NCOA2-201,58579,NCOA2-201,NCOA2,0,TRUE,FALSE,FALSE,FALSE,FALSE,TRUE,FALSE,FALSE,FALSE,Exon,6,7,ENSTTRG00000013003,ENSTTRG00000013003.1,scaffold_114646,NA,conserved gene and region,NA,NA,NA,NA,NA,NA,NA,NA,NA,NA,NA,NA,TRUE
cg24854385,-4.520029078,NA,NA,Turtru1.0,cg24854385,SARDH,SARDH_Exon,GeneScaffold_2203,180814,180863,50,-,180814,180815,CGGACATGGCCCACCACTTGGCCGTTCCTCCAGATGGCCTCCAGGCCAAA,"Exon (SARDH-201/SARDH, exon 23 of 24)",1341,178191,240335,62145,2,SARDH-201,59472,SARDH-201,SARDH,0,TRUE,FALSE,FALSE,FALSE,FALSE,TRUE,FALSE,FALSE,FALSE,Exon,1,1,ENSTTRG00000014274,ENSTTRG00000014274.1,GeneScaffold_2203,NA,conserved gene and region,GeneScaffold_2203,180741,180861,121,*,121,12,0.694214876,0.823596143,0.099173554,2.34E-07,CpGisland,TRUE
cg20993535,-3.631512862,NA,NA,Turtru1.0,cg20993535,gene:ENSTTRG00000002410,gene:ENSTTRG00000002410_Promoter,scaffold_105230,100038,100087,50,+,100086,100087,CTTGTTTATTATAATGCAGGCAATCAATTACACATCCCCAATGCTGGCCG,Promoter (<=1kb),4038,100149,100581,433,1,transcript:ENSTTRT00000002408,-62,transcript:ENSTTRT00000002408,gene:ENSTTRG00000002410,0,FALSE,TRUE,TRUE,FALSE,FALSE,FALSE,FALSE,FALSE,FALSE,Promoter,3,4,NA,NA,NA,NA,mapped to different genes,NA,NA,NA,NA,NA,NA,NA,NA,NA,NA,NA,NA,TRUE
cg26575738,16.80804023,NA,NA,Turtru1.0,cg26575738,WNT3,WNT3_Promoter,GeneScaffold_2740,351887,351936,50,+,351887,351888,CGGCCTAAGGTAAGAGATGAGTCTGTAGTTCAGCCTGTCAATCACGCGCC,Promoter (<=1kb),1937,306458,351683,45226,2,WNT3-201,-204,WNT3-201,WNT3,0,FALSE,TRUE,TRUE,FALSE,FALSE,FALSE,FALSE,FALSE,FALSE,Promoter,5,9,ENSTTRG00000003696,ENSTTRG00000003696.1,GeneScaffold_2740,NA,conserved gene but different region,GeneScaffold_2740,351784,351888,105,*,105,11,0.714285714,0.833333333,0.104761905,4.95E-07,CpGisland,TRUE
cg20237793,47.25749097,NA,NA,Turtru1.0,cg20237793,gene:ENSTTRG00000013446,gene:ENSTTRG00000013446_Exon,GeneScaffold_3132,26114,26163,50,+,26114,26115,CGGGTGATGCCGAGGTTGTGAGTTCGAGCCTCACCTGGAGCATGTTTTCT,"Exon (NA, exon 1 of 1)",2373,76415,76785,371,2,transcript:ENSTTRT00000013443,50622,NA,NA,NA,TRUE,FALSE,FALSE,FALSE,FALSE,TRUE,FALSE,FALSE,FALSE,Exon,1,1,NA,NA,NA,NA,mapped to different genes,GeneScaffold_3132,25928,26139,212,*,212,23,0.613207547,1.182060606,0.108490566,1.57E-14,CpGisland,TRUE
cg26212988,25.11145128,NA,NA,Turtru1.0,cg26212988,SFRP1,SFRP1_Exon,GeneScaffold_618,59648,59697,50,+,59696,59697,TGGTCTCGTGCTCCAGCAGGTTGGGCAGCACCATCTTCTTGTAGCCCACG,Promoter (<=1kb),3225,18307,59888,41582,2,SFRP1-201,191,SFRP1-201,SFRP1,0,TRUE,FALSE,TRUE,FALSE,FALSE,TRUE,TRUE,FALSE,FALSE,Exon,2,2,ENSTTRG00000001081,ENSTTRG00000001081.1,GeneScaffold_618,NA,conserved gene and region,GeneScaffold_618,59696,60241,546,*,546,95,0.787545788,1.125626614,0.173992674,1.84E-80,CpGisland,TRUE
cg22466026,-8.428968526,NA,NA,Turtru1.0,cg22466026,SMARCA2,SMARCA2_Intron,GeneScaffold_341,208554,208603,50,+,208554,208555,CGGAAACTGGGGGTTTGCTTCTGTGATTTATTTCATTATTGTGCTGGTAA,"Intron (SMARCA2-201/SMARCA2, intron 30 of 36)",2681,83537,244039,160503,1,SMARCA2-201,125017,SMARCA2-201,SMARCA2,0,TRUE,FALSE,FALSE,FALSE,FALSE,FALSE,TRUE,FALSE,FALSE,Intron,6,8,ENSTTRG00000002033,ENSTTRG00000002033.1,GeneScaffold_341,NA,conserved gene but different region,NA,NA,NA,NA,NA,NA,NA,NA,NA,NA,NA,NA,TRUE
cg08195802,NA,NA,24.93805944,Turtru1.0,cg08195802,C9orf64,C9orf64_Intron,GeneScaffold_2419,260235,260284,50,+,260283,260284,ATAGCCAACCAGGGTTTTCACATGGGCGTTCAGGGGCGGATGGGCCAACG,"Intron (NA, intron 3 of 0)",1580,226321,239364,13044,2,C9orf64-201,-20871,NA,NA,NA,TRUE,FALSE,FALSE,FALSE,FALSE,FALSE,TRUE,FALSE,FALSE,Intron,14,19,ENSTTRG00000016691,ENSTTRG00000016691.1,GeneScaffold_2419,NA,mapped to different genes,NA,NA,NA,NA,NA,NA,NA,NA,NA,NA,NA,NA,TRUE
cg08938156,NA,NA,4.167288665,Turtru1.0,cg08938156,ZIC1,ZIC1_Promoter,scaffold_91126,124342,124391,50,-,124342,124343,CGGCTGAGGAGGTGAAAGTTTCTCCCCAGGAAGATAAACCGCAAAAGACA,Promoter (<=1kb),6294,125091,128634,3544,1,ZIC1-201,-749,ZIC1-201,ZIC1,0,FALSE,TRUE,TRUE,FALSE,FALSE,FALSE,FALSE,FALSE,FALSE,Promoter,22,28,NA,NA,NA,NA,mapped to different genes,NA,NA,NA,NA,NA,NA,NA,NA,NA,NA,NA,NA,TRUE
cg01964760,NA,NA,-5.724228123,Turtru1.0,cg01964760,CYP7B1,CYP7B1_Intron,scaffold_115513,313609,313658,50,-,313657,313658,TTCTCTTTTCTAATTAAGAGACAAAACTGGTATTGTCAGCTGATGAACCG,"Intron (CYP7B1-201/CYP7B1, intron 1 of 5)",5322,245431,423097,177667,2,CYP7B1-201,109439,CYP7B1-201,CYP7B1,0,TRUE,FALSE,FALSE,FALSE,FALSE,FALSE,TRUE,FALSE,FALSE,Intron,13,42,ENSTTRG00000001843,ENSTTRG00000001843.1,scaffold_115513,NA,conserved gene and region,NA,NA,NA,NA,NA,NA,NA,NA,NA,NA,NA,NA,TRUE
cg02064459,NA,NA,-18.76985705,Turtru1.0,cg02064459,MEF2C,MEF2C_Promoter,scaffold_115684,507276,507325,50,+,507276,507277,CGAATGCAGGAATTTGGGAACTGAGCTGTGCAAGTGCTGAAGAAGGAGAT,Promoter (<=1kb),5341,507412,600106,92695,1,MEF2C-201,-87,MEF2C-201,MEF2C,0,FALSE,TRUE,TRUE,FALSE,FALSE,FALSE,FALSE,FALSE,FALSE,Promoter,1,77,ENSTTRG00000003944,ENSTTRG00000003944.1,scaffold_115684,NA,conserved gene but different region,NA,NA,NA,NA,NA,NA,NA,NA,NA,NA,NA,NA,TRUE
cg02973003,NA,NA,-44.03092193,Turtru1.0,cg02973003,GDF11,GDF11_Intron,GeneScaffold_2644,70300,70349,50,+,70300,70301,CGCTTTAATAAGAGACTTGTGCTCTGCTAATCGGGGGAGGTGTTTGTCAG,"Intron (GDF11-201/GDF11, intron 2 of 3)",1830,68183,74587,6405,1,GDF11-201,2117,GDF11-201,GDF11,0,TRUE,FALSE,FALSE,FALSE,FALSE,FALSE,TRUE,FALSE,FALSE,Intron,1,6,ENSTTRG00000009732,ENSTTRG00000009732.1,GeneScaffold_2644,NA,conserved gene and region,NA,NA,NA,NA,NA,NA,NA,NA,NA,NA,NA,NA,TRUE
cg05173571,NA,NA,-4.527230069,Turtru1.0,cg05173571,TFAP2B,TFAP2B_Intergenic_downstream,GeneScaffold_39,95098,95147,50,+,95146,95147,CTTTGGCTTACAGCCCAATGCCATCAGAACTAATTAAAAACAGAGCCACG,Distal Intergenic,2971,596,23199,22604,1,TFAP2B-201,94502,NA,NA,NA,FALSE,TRUE,FALSE,FALSE,FALSE,FALSE,FALSE,FALSE,TRUE,Intergenic_downstream,14,38,ENSTTRG00000003800,ENSTTRG00000003800.1,GeneScaffold_39,NA,conserved gene and region,NA,NA,NA,NA,NA,NA,NA,NA,NA,NA,NA,NA,TRUE
cg05265270,NA,NA,-2.162903108,Turtru1.0,cg05265270,PAX2,PAX2_Intron,GeneScaffold_285,113774,113823,50,+,113822,113823,CCTAATTTGCAGCTAATTACAAAACTGATTTCTACAGGAAGATCAATACG,"Intron (PAX2-201/PAX2, intron 7 of 12)",2058,52602,131920,79319,1,PAX2-201,61172,PAX2-201,PAX2,0,TRUE,FALSE,FALSE,FALSE,FALSE,FALSE,TRUE,FALSE,FALSE,Intron,34,65,ENSTTRG00000015106,ENSTTRG00000015106.1,GeneScaffold_285,NA,conserved gene and region,NA,NA,NA,NA,NA,NA,NA,NA,NA,NA,NA,NA,TRUE
cg06186752,NA,NA,-1.134493284,Turtru1.0,cg06186752,ST18,ST18_Promoter,GeneScaffold_1859,152837,152886,50,-,152885,152886,TTAATTTCCTTTAATAAACCTTTTATGTGCCACACTTTTACTGCCATTCG,Promoter (1-2kb),957,58825,151819,92995,2,ST18-201,-1067,ST18-201,ST18,0,FALSE,TRUE,TRUE,FALSE,FALSE,FALSE,FALSE,FALSE,FALSE,Promoter,2,18,ENSTTRG00000015387,ENSTTRG00000015387.1,GeneScaffold_1859,NA,conserved gene but different region,NA,NA,NA,NA,NA,NA,NA,NA,NA,NA,NA,NA,TRUE
cg06397491,NA,NA,-6.400930573,Turtru1.0,cg06397491,TCF7,TCF7_Promoter,GeneScaffold_865,150885,150934,50,+,150885,150886,CGAGTCACTTCCGGTGCCCTGACCTTTATAGGAGTAAACAGACCCCCGCC,Promoter (<=1kb),3499,150195,181642,31448,1,TCF7-201,690,TCF7-201,TCF7,0,TRUE,FALSE,TRUE,FALSE,FALSE,FALSE,TRUE,FALSE,FALSE,Promoter,2,7,ENSTTRG00000016857,ENSTTRG00000016857.1,GeneScaffold_865,NA,conserved gene and region,GeneScaffold_865,150820,150897,78,*,78,10,0.730769231,1.08033241,0.128205128,2.69E-07,CpGisland,TRUE
cg06447962,NA,NA,-1.877170489,Turtru1.0,cg06447962,BCL11A,BCL11A_Promoter,GeneScaffold_1029,214348,214397,50,+,214396,214397,GTTGACAAGTTTTCTAACAGACTTTCTGAAATAATGCACATATATTCACG,Promoter (3-4kb),36,123122,211265,88144,2,BCL11A-201,-3083,BCL11A-201,BCL11A,0,FALSE,TRUE,TRUE,FALSE,FALSE,FALSE,FALSE,FALSE,FALSE,Promoter,12,103,ENSTTRG00000006191,ENSTTRG00000006191.1,GeneScaffold_1029,NA,conserved gene and region,NA,NA,NA,NA,NA,NA,NA,NA,NA,NA,NA,NA,TRUE
cg07214083,NA,NA,34.27784173,Turtru1.0,cg07214083,CCDC47,CCDC47_Exon,GeneScaffold_2666,478713,478762,50,-,478713,478714,CGTACTCTTGCATAATTTTTGGACCAGAGAACTGGTCTGAAAAATGAACA,"Exon (CCDC47-201/CCDC47, exon 8 of 13)",1854,473708,486837,13130,2,CCDC47-201,8075,CCDC47-201,CCDC47,0,TRUE,FALSE,FALSE,FALSE,FALSE,TRUE,TRUE,FALSE,FALSE,Exon,1,1,ENSTTRG00000001675,ENSTTRG00000001675.1,GeneScaffold_2666,NA,conserved gene but different region,NA,NA,NA,NA,NA,NA,NA,NA,NA,NA,NA,NA,TRUE
cg07224291,NA,NA,-2.911520861,Turtru1.0,cg07224291,EYA4,EYA4_Exon,GeneScaffold_829,227986,228035,50,+,228034,228035,GAGATGGAGCGCTTGACACTTTTACTGGGTCAGGTAAAGCCTTTAGCTCG,"Exon (EYA4-201/EYA4, exon 5 of 19)",3459,56037,284379,228343,1,EYA4-201,171949,EYA4-201,EYA4,0,TRUE,FALSE,FALSE,FALSE,FALSE,TRUE,TRUE,FALSE,FALSE,Exon,3,4,ENSTTRG00000016805,ENSTTRG00000016805.1,GeneScaffold_829,NA,conserved gene but different region,NA,NA,NA,NA,NA,NA,NA,NA,NA,NA,NA,NA,TRUE
cg07254032,NA,NA,41.68564969,Turtru1.0,cg07254032,HCN1,HCN1_Exon,GeneScaffold_2383,392374,392423,50,+,392422,392423,GATAATCCAGAAGCCTGCAGTTTTAACCCTTTCCTGCTCCTTTTCCACCG,Promoter (<=1kb),1540,22386,392641,370256,2,HCN1-201,218,HCN1-201,HCN1,0,TRUE,FALSE,TRUE,FALSE,FALSE,TRUE,FALSE,FALSE,FALSE,Exon,1,1,ENSTTRG00000012154,ENSTTRG00000012154.1,GeneScaffold_2383,NA,conserved gene and region,GeneScaffold_2383,392422,392640,219,*,219,25,0.703196347,0.950520833,0.114155251,2.55E-16,CpGisland,TRUE
cg18054695,NA,NA,-0.410935559,Turtru1.0,cg18054695,SATB1,SATB1_Intron,scaffold_113151,213953,214002,50,-,214001,214002,CCTGATTGCTCTGTGTAAACAGTTTTTGACATCTGTCTTTATAGTTTTCG,"Intron (SATB1-201/SATB1, intron 6 of 12)",4982,196187,270331,74145,1,SATB1-201,17766,SATB1-201,SATB1,0,TRUE,FALSE,FALSE,FALSE,FALSE,FALSE,TRUE,FALSE,FALSE,Intron,27,49,ENSTTRG00000006209,ENSTTRG00000006209.1,scaffold_113151,NA,conserved gene and region,NA,NA,NA,NA,NA,NA,NA,NA,NA,NA,NA,NA,TRUE
cg12451785,NA,NA,-21.25527496,Turtru1.0,cg12451785,PTPRD,PTPRD_Intergenic_upstream,GeneScaffold_2026,574514,574563,50,+,574562,574563,ATGGCTTCATTCTGCTGAAATAAACTTATTTCACTGTGGCAAACAAAACG,Distal Intergenic,1144,117146,531626,414481,2,PTPRD-201,-42888,NA,NA,NA,FALSE,TRUE,FALSE,FALSE,FALSE,FALSE,FALSE,FALSE,TRUE,Intergenic_upstream,1,30,ENSTTRG00000015731,ENSTTRG00000015731.1,GeneScaffold_2026,NA,conserved gene but different region,NA,NA,NA,NA,NA,NA,NA,NA,NA,NA,NA,NA,TRUE
cg09182475,NA,NA,-0.919987931,Turtru1.0,cg09182475,RIMS1,RIMS1_Exon,GeneScaffold_333,447394,447443,50,-,447394,447395,CGATTTAAGCAGACAACAGGGTCTGGTTCTAGTCAAGAACTTGATCGCGA,"Exon (RIMS1-201/RIMS1, exon 31 of 40)",2592,63915,547674,483760,1,RIMS1-201,383479,RIMS1-201,RIMS1,0,TRUE,FALSE,FALSE,FALSE,FALSE,TRUE,FALSE,FALSE,FALSE,Exon,11,12,ENSTTRG00000001360,ENSTTRG00000001360.1,GeneScaffold_333,NA,conserved gene and region,NA,NA,NA,NA,NA,NA,NA,NA,NA,NA,NA,NA,TRUE
cg09227056,NA,NA,16.02396207,Turtru1.0,cg09227056,EVX2,EVX2_Intergenic_downstream,GeneScaffold_1722,416301,416350,50,-,416349,416350,AGTCAGCTAAATGAAACATTATTCTAAACATATGCATCGTAATCAGTTCG,Distal Intergenic,806,420757,425011,4255,2,EVX2-201,8710,EVX2-201,EVX2,8661,FALSE,TRUE,FALSE,FALSE,FALSE,FALSE,FALSE,FALSE,TRUE,Intergenic_downstream,25,35,ENSTTRG00000013768,ENSTTRG00000013768.1,GeneScaffold_1722,NA,conserved gene and region,NA,NA,NA,NA,NA,NA,NA,NA,NA,NA,NA,NA,TRUE
cg11011976,NA,NA,-1.656217762,Turtru1.0,cg11011976,CTNNA2,CTNNA2_Exon,GeneScaffold_204,788819,788868,50,-,788819,788820,CGGAAATCAGACAGGAGTTCAGAGCACTTTCACTACCTTTTATGAGGTAG,"Exon (CTNNA2-201/CTNNA2, exon 17 of 18)",1159,27614,821802,794189,1,CTNNA2-201,761205,CTNNA2-201,CTNNA2,0,TRUE,FALSE,FALSE,FALSE,FALSE,TRUE,TRUE,FALSE,FALSE,Exon,16,22,ENSTTRG00000002431,ENSTTRG00000002431.1,GeneScaffold_204,NA,conserved gene but different region,NA,NA,NA,NA,NA,NA,NA,NA,NA,NA,NA,NA,TRUE
cg16034392,NA,NA,-27.55783172,Turtru1.0,cg16034392,CUNH12orf57,CUNH12orf57_Intron,GeneScaffold_47,144421,144470,50,+,144469,144470,CTCACTTCTCACTCTCTCCCCAGAAGGAGTTTTGTGTTTTTTCCATCACG,"Intron (NA, intron 3 of 0)",3060,134275,135712,1438,1,CUNH12orf57-201,10146,NA,NA,NA,TRUE,FALSE,FALSE,FALSE,FALSE,FALSE,TRUE,FALSE,FALSE,Intron,1,1,NA,NA,NA,NA,mapped to different genes,NA,NA,NA,NA,NA,NA,NA,NA,NA,NA,NA,NA,TRUE
cg12945120,NA,NA,9.610012922,Turtru1.0,cg12945120,CTNNA2,CTNNA2_Intron,GeneScaffold_204,526943,526992,50,+,526943,526944,CGATTGTGCGTCTTCCCCGAGCACCTCAGACATGGGCAGATTGAAAAGGG,"Intron (CTNNA2-201/CTNNA2, intron 5 of 17)",1159,27614,821802,794189,1,CTNNA2-201,499329,CTNNA2-201;transcript:ENSTTRT00000002433,CTNNA2;gene:ENSTTRG00000002433,0;0,TRUE,FALSE,FALSE,FALSE,FALSE,FALSE,TRUE,FALSE,FALSE,Intron,6,22,ENSTTRG00000002431,ENSTTRG00000002431.1,GeneScaffold_204,NA,conserved gene and region,GeneScaffold_204,526684,526960,277,*,277,36,0.718411552,1.014652015,0.129963899,1.92E-25,CpGisland,TRUE
cg14735542,NA,NA,-2.121124845,Turtru1.0,cg14735542,NRXN1,NRXN1_Exon,GeneScaffold_2970,1090855,1090904,50,-,1090855,1090856,CGCCCATCATCAGGTGCGCCAGACCTTGAAGGGAAACAAGAGCACAGTCA,"Exon (NRXN1-201/NRXN1, exon 5 of 24)",2192,94622,1190938,1096317,2,NRXN1-201,100034,NRXN1-201,NRXN1,0,TRUE,FALSE,FALSE,FALSE,FALSE,TRUE,TRUE,FALSE,FALSE,Exon,16,29,ENSTTRG00000016494,ENSTTRG00000016494.1,GeneScaffold_2970,NA,conserved gene and region,NA,NA,NA,NA,NA,NA,NA,NA,NA,NA,NA,NA,TRUE
cg14877464,NA,NA,16.71502161,Turtru1.0,cg14877464,AP3B1,AP3B1_Intergenic_downstream,GeneScaffold_1302,83674,83723,50,-,83722,83723,ATCAGGAGTGTAAACTCTGCTATATTTCAATTTGGAGAAGCGCTCTTCCG,Distal Intergenic,340,112492,385632,273141,2,AP3B1-201,301958,NA,NA,NA,FALSE,TRUE,FALSE,FALSE,FALSE,FALSE,FALSE,FALSE,TRUE,Intergenic_downstream,26,48,ENSTTRG00000013660,ENSTTRG00000013660.1,GeneScaffold_1302,NA,mapped to different genes,NA,NA,NA,NA,NA,NA,NA,NA,NA,NA,NA,NA,TRUE
cg19658834,NA,NA,-4.371894299,Turtru1.0,cg19658834,SATB2,SATB2_Exon,GeneScaffold_1012,116271,116320,50,-,116319,116320,CAAACAGGGCTTGAGACACCTTGGCCCTTTTCATCTCCTGTTGGATCTCG,"Exon (SATB2-201/SATB2, exon 8 of 10)",18,68069,254145,186077,2,SATB2-201,137825,SATB2-201,SATB2,0,TRUE,FALSE,FALSE,FALSE,FALSE,TRUE,FALSE,FALSE,FALSE,Exon,11,34,ENSTTRG00000001254,ENSTTRG00000001254.1,GeneScaffold_1012,NA,conserved gene and region,NA,NA,NA,NA,NA,NA,NA,NA,NA,NA,NA,NA,TRUE
cg16947316,NA,NA,-0.062281544,Turtru1.0,cg16947316,NUAK1,NUAK1_Exon,scaffold_107086,83058,83107,50,+,83058,83059,CGTAAGGACAAAATTAAGGATGAACAAGACATGGTTCACATCAGACGAGA,"Exon (NUAK1-201/NUAK1, exon 2 of 8)",4234,54372,118589,64218,1,NUAK1-201,28686,NUAK1-201,NUAK1,0,TRUE,FALSE,FALSE,FALSE,FALSE,TRUE,FALSE,FALSE,FALSE,Exon,3,3,ENSTTRG00000016310,ENSTTRG00000016310.1,scaffold_107086,NA,conserved gene and region,NA,NA,NA,NA,NA,NA,NA,NA,NA,NA,NA,NA,TRUE
cg17215796,NA,NA,-9.369087835,Turtru1.0,cg17215796,RIMS1,RIMS1_Exon,GeneScaffold_333,403428,403477,50,-,403476,403477,GCTAGTACCAACTGCTTGAGACCAGATACTAGTTTGCATTCACCAGAACG,"Exon (RIMS1-201/RIMS1, exon 26 of 40)",2592,63915,547674,483760,1,RIMS1-201,339513,RIMS1-201,RIMS1,0,TRUE,FALSE,FALSE,FALSE,FALSE,TRUE,FALSE,FALSE,FALSE,Exon,11,12,ENSTTRG00000001360,ENSTTRG00000001360.1,GeneScaffold_333,NA,conserved gene and region,NA,NA,NA,NA,NA,NA,NA,NA,NA,NA,NA,NA,TRUE
cg17541971,NA,NA,-6.196358741,Turtru1.0,cg17541971,ZFHX4,ZFHX4_Exon,scaffold_108025,119550,119599,50,+,119598,119599,CTCCTGTGTGTCCAAAGATGTCCCTAACAATGTGGACTTGTCCAAATTCG,Promoter (<=1kb),4325,118804,275006,156203,1,ZFHX4-201,746,ZFHX4-201,ZFHX4,0,TRUE,FALSE,TRUE,FALSE,FALSE,TRUE,FALSE,FALSE,FALSE,Exon,16,69,ENSTTRG00000002634,ENSTTRG00000002634.1,scaffold_108025,NA,conserved gene and region,NA,NA,NA,NA,NA,NA,NA,NA,NA,NA,NA,NA,TRUE
cg23001199,NA,NA,29.03225508,Turtru1.0,cg23001199,MEF2C,MEF2C_Intergenic_upstream,scaffold_115684,453911,453960,50,-,453911,453912,CGTACACCCAGACATCTTCGGGCTGCTATTGGATTGACTTTGAAGGTTCT,Distal Intergenic,5341,507412,600106,92695,1,MEF2C-201,-53501,NA,NA,NA,FALSE,TRUE,FALSE,FALSE,FALSE,FALSE,FALSE,FALSE,TRUE,Intergenic_upstream,33,77,ENSTTRG00000003944,ENSTTRG00000003944.1,scaffold_115684,NA,conserved gene but different region,scaffold_115684,453732,453930,199,*,199,31,0.673366834,1.557828283,0.155778894,8.95E-25,CpGisland,TRUE
cg20233387.1,NA,NA,25.10285141,Turtru1.0,cg20233387.1,LHX8,LHX8_Intergenic_upstream,scaffold_114112,227877,227926,50,+,227877,227878,CGGATTTAGTTTTTAATGATGATTAGAGAGGATGGGCCCCTAAAATTTCT,Distal Intergenic,5120,48444,79264,30821,2,LHX8-201,-148613,NA,NA,NA,FALSE,TRUE,FALSE,FALSE,FALSE,FALSE,FALSE,FALSE,TRUE,Intergenic_upstream,2,3,ENSTTRG00000015391,ENSTTRG00000015391.1,scaffold_114112,NA,conserved gene but different region,NA,NA,NA,NA,NA,NA,NA,NA,NA,NA,NA,NA,TRUE
cg22262099,NA,NA,4.033047611,Turtru1.0,cg22262099,HOXC4,HOXC4_Exon,scaffold_105794,213210,213259,50,+,213210,213211,CGGTTTTGGAACCAGATTTTGATCTGCCTCTCAGAGAGGCACAGCGAGTG,"Exon (HOXC4-201/HOXC4, exon 2 of 2)",4098,213035,214322,1288,2,HOXC4-201,1063,HOXC4-201,HOXC4,0,TRUE,FALSE,FALSE,FALSE,FALSE,TRUE,FALSE,FALSE,FALSE,Exon,24,63,NA,NA,NA,NA,mapped to different genes,NA,NA,NA,NA,NA,NA,NA,NA,NA,NA,NA,NA,TRUE
cg18484878,NA,NA,-1.235313461,Turtru1.0,cg18484878,NXPH1,NXPH1_Promoter,GeneScaffold_1094,75415,75464,50,-,75415,75416,CGCTCCTTGCTCTGTAAAGTGGATGTCAGGTGGATCTATGTTTCTGAAGG,Promoter (<=1kb),108,75514,350998,275485,1,NXPH1-201,-99,NXPH1-201,NXPH1,0,FALSE,TRUE,TRUE,FALSE,FALSE,FALSE,FALSE,FALSE,FALSE,Promoter,1,9,ENSTTRG00000002794,ENSTTRG00000002794.1,GeneScaffold_1094,NA,conserved gene but different region,NA,NA,NA,NA,NA,NA,NA,NA,NA,NA,NA,NA,TRUE
cg23055110,NA,NA,-2.695616261,Turtru1.0,cg23055110,TMEM161B,TMEM161B_Intergenic_upstream,scaffold_112248,36789,36838,50,+,36789,36790,CGTTCACTGATGCATATTAGCAGGGTCTAGCAATGTGGTGAAATTGTCAC,Distal Intergenic,4851,279971,348413,68443,1,TMEM161B-201,-243133,NA,NA,NA,FALSE,TRUE,FALSE,FALSE,FALSE,FALSE,FALSE,FALSE,TRUE,Intergenic_upstream,29,38,ENSTTRG00000006087,ENSTTRG00000006087.1,scaffold_112248,NA,mapped to different genes,NA,NA,NA,NA,NA,NA,NA,NA,NA,NA,NA,NA,TRUE
cg24574398,NA,NA,-3.211403916,Turtru1.0,cg24574398,SATB1,SATB1_Intron,scaffold_113151,241465,241514,50,-,241465,241466,CGGAAATTACTGTAATTTTGATTGGAAATTACAGGGCTCTTGAAATGTTT,"Intron (SATB1-201/SATB1, intron 10 of 12)",4982,196187,270331,74145,1,SATB1-201,45278,SATB1-201,SATB1,0,TRUE,FALSE,FALSE,FALSE,FALSE,FALSE,TRUE,FALSE,FALSE,Intron,27,49,ENSTTRG00000006209,ENSTTRG00000006209.1,scaffold_113151,NA,conserved gene and region,NA,NA,NA,NA,NA,NA,NA,NA,NA,NA,NA,NA,TRUE
cg22356487,NA,NA,-2.161249985,Turtru1.0,cg22356487,GRID2,GRID2_Exon,GeneScaffold_1981,1078981,1079030,50,+,1079029,1079030,ACCTCGTCAATTGATTTGACCCCTCTGGACATTGACACTTTGCCAACACG,"Exon (GRID2-201/GRID2, exon 16 of 16)",1093,69013,1079316,1010304,1,GRID2-201,1009968,GRID2-201,GRID2,0,TRUE,FALSE,FALSE,FALSE,FALSE,TRUE,FALSE,FALSE,FALSE,Exon,7,8,ENSTTRG00000007360,ENSTTRG00000007360.1,GeneScaffold_1981,NA,conserved gene and region,NA,NA,NA,NA,NA,NA,NA,NA,NA,NA,NA,NA,TRUE
cg26161880,NA,NA,9.551507621,Turtru1.0,cg26161880,AP3B1,AP3B1_Intergenic_downstream,GeneScaffold_1302,83696,83745,50,+,83744,83745,TATTTCAATTTGGAGAAGCGCTCTTCCGCTAAGAGGCCCCTGGCACTGCG,Distal Intergenic,340,112492,385632,273141,2,AP3B1-201,301887,NA,NA,NA,FALSE,TRUE,FALSE,FALSE,FALSE,FALSE,FALSE,FALSE,TRUE,Intergenic_downstream,26,48,ENSTTRG00000013660,ENSTTRG00000013660.1,GeneScaffold_1302,NA,mapped to different genes,NA,NA,NA,NA,NA,NA,NA,NA,NA,NA,NA,NA,TRUE