var,Coef.RoeDeerBlood,rep..GCF_002102435.1_Ovir.te_1.0...dim.datAnnotation...1...,CGid,SYMBOL,GeneRegionID,seqnames,probeStart,probeEnd,width,strand,CGstart,CGend,seq,annotation,geneChr,geneStart,geneEnd,geneLength,geneStrand,transcriptId,distanceToTSS,flank_txIds,flank_geneIds,flank_gene_distances,genic,Intergenic,Promoter,fiveUTR,threeUTR,Exon,Intron,downstream,distal_intergenic,main_Categories,CpG_number_on_geneRegion,CpGs_number_on_gene,CpGislandseqnames,CpGislandstart,CpGislandend,CpGislandwidth,CpGislandstrand,CpGislandlen,CpGislandcount,CpGislandgc,CpGislandoe,CpGislandden,CpGislandpvalue,CpGisland,CG
(Intercept),138.3253983,GCF_002102435.1_Ovir.te_1.0,NA,NA,NA,NA,NA,NA,NA,NA,NA,NA,NA,NA,NA,NA,NA,NA,NA,NA,NA,NA,NA,NA,NA,NA,NA,NA,NA,NA,NA,NA,NA,NA,NA,NA,NA,NA,NA,NA,NA,NA,NA,NA,NA,NA,NA,NA,NA
cg06256346,4.337213274,GCF_002102435.1_Ovir.te_1.0,cg06256346,GRHL2,GRHL2_fiveUTR,NW_018338909.1,495544,495593,50,-,495592,495593,GGATCAAACATGTCACAAGAGTCGGACAAGTAAGTGGATCACACGCGCCG,Promoter (<=1kb),3678,495566,661210,165645,1,XM_020874443.1,0,XM_020874446.1;XM_020874441.1;XM_020874442.1;XM_020874443.1,GRHL2;GRHL2;GRHL2;GRHL2,0;0;0;0,TRUE,FALSE,TRUE,TRUE,FALSE,TRUE,TRUE,FALSE,FALSE,fiveUTR,3,8,NA,NA,NA,NA,NA,NA,NA,NA,NA,NA,NA,NA,TRUE
cg10553618,-0.410817623,GCF_002102435.1_Ovir.te_1.0,cg10553618,DPP4,DPP4_Intron,NW_018341998.1,446488,446537,50,+,446488,446489,CGAAAACTGTGATAAAAGTGTCATGATGCAAATTGTTTTACATTAACAAT,"Intron (XM_020881846.1/DPP4, intron 20 of 22)",4150,440305,521082,80778,2,XM_020881845.1,74545,XM_020881845.1;XM_020881846.1,DPP4;DPP4,0;0,TRUE,FALSE,FALSE,FALSE,FALSE,FALSE,TRUE,FALSE,FALSE,Intron,4,7,NA,NA,NA,NA,NA,NA,NA,NA,NA,NA,NA,NA,TRUE
cg18331817,-11.81570599,GCF_002102435.1_Ovir.te_1.0,cg18331817,MXD1,MXD1_fiveUTR,NW_018340087.1,799601,799650,50,-,799601,799602,CGTTTTAAGGCATCTCTGTCCTTGTTATTGTATGGTAACATGGAGGCATA,Promoter (<=1kb),3909,775135,800245,25111,2,XM_020877831.1,595,XR_002310826.1;XM_020877831.1;XM_020877830.1;XM_020877832.1;XR_002310823.1,LOC110127565;MXD1;MXD1;MXD1;MXD1,-1500;0;0;0;0,TRUE,FALSE,TRUE,TRUE,FALSE,TRUE,FALSE,FALSE,FALSE,fiveUTR,1,1,NA,NA,NA,NA,NA,NA,NA,NA,NA,NA,NA,NA,TRUE
cg19769850,10.27815789,GCF_002102435.1_Ovir.te_1.0,cg19769850,LOC110146674,LOC110146674_Intergenic_upstream,NW_018328151.1,1367786,1367835,50,+,1367786,1367787,CGTGGAAACCCTTCCACCAAAATGAGCTGTGATATCCTTTTGATGGCTAT,Distal Intergenic,131,1487398,1487994,597,1,LOC110146674,-119563,NA,NA,NA,FALSE,TRUE,FALSE,FALSE,FALSE,FALSE,FALSE,FALSE,TRUE,Intergenic_upstream,12,12,NW_018328151.1,1366984,1367787,804,*,804,119,0.728855721,1.119174621,0.14800995,1.41E-103,CpGisland,TRUE
cg20001705,-0.475605615,GCF_002102435.1_Ovir.te_1.0,cg20001705,PBX3,PBX3_Intron,NW_018328928.1,828370,828419,50,+,828370,828371,CGGCTCATAATTGTTTTTCACACATAAGTTATGCAAATGAGCTTTTATGG,"Intron (XM_020874476.1/PBX3, intron 2 of 8)",208,816033,1030951,214919,1,XM_020874476.1,12337,XM_020874476.1;XM_020874484.1;XM_020874478.1,PBX3;PBX3;PBX3,0;0;0,TRUE,FALSE,FALSE,FALSE,FALSE,FALSE,TRUE,FALSE,FALSE,Intron,55,72,NA,NA,NA,NA,NA,NA,NA,NA,NA,NA,NA,NA,TRUE
cg20615601,-4.602409516,GCF_002102435.1_Ovir.te_1.0,cg20615601,PURA,PURA_threeUTR,NW_018341453.1,171962,172011,50,-,172010,172011,TAAAGAACTGAGTGTTTATTTCCCTAATTAACCAAGAACTTTTGTACACG,3' UTR,4082,170339,175921,5583,1,XM_020880673.1,1623,XR_002311458.1;XM_020880673.1,LOC110129350;PURA,-2167;0,TRUE,FALSE,FALSE,FALSE,TRUE,TRUE,FALSE,FALSE,FALSE,threeUTR,3,19,NA,NA,NA,NA,NA,NA,NA,NA,NA,NA,NA,NA,TRUE
cg21544950,-6.401266489,GCF_002102435.1_Ovir.te_1.0,cg21544950,LOC110135962,LOC110135962_Intron,NW_018332472.1,78133,78182,50,+,78181,78182,TCCAAAAAACCCTGCTTTCAATTAGAGTAAACATAATTAGAGTGACGTCG,"Intron (XM_020891362.1/LOC110135962, intron 1 of 8)",557,67900,459208,391309,1,XM_020891362.1,10233,XM_020891362.1,LOC110135962,0,TRUE,FALSE,FALSE,FALSE,FALSE,FALSE,TRUE,FALSE,FALSE,Intron,65,66,NA,NA,NA,NA,NA,NA,NA,NA,NA,NA,NA,NA,TRUE
cg07131533,1.478983925,GCF_002102435.1_Ovir.te_1.0,cg07131533,LOC110148633,LOC110148633_Exon,NW_018336393.1,5844,5893,50,-,5892,5893,CCCTGCAGCTTTAACAGCCCTGACATGGAAACCCCATTGCAGTTCCAGCG,Promoter (<=1kb),2202,5645,120864,115220,1,XM_020910719.1,199,XR_002317218.1;XM_020910719.1,LOC110148634;LOC110148633,0;0,TRUE,FALSE,TRUE,FALSE,FALSE,TRUE,FALSE,FALSE,FALSE,Exon,17,17,NW_018336393.1,5892,5936,45,*,45,11,0.8,1.607142857,0.244444444,8.11E-13,CpGisland,TRUE
cg02857399,1.425012196,GCF_002102435.1_Ovir.te_1.0,cg02857399,RHOB,RHOB_Exon,NW_018334987.1,976534,976583,50,-,976534,976535,CGTCGCTGCGCAGGTCTTTTTTGTTGGCCACCAGGATGATGGGCACATTG,Promoter (<=1kb),1006,974841,977293,2453,2,XM_020898278.1,710,XM_020898278.1,RHOB,0,TRUE,FALSE,TRUE,FALSE,FALSE,TRUE,FALSE,FALSE,FALSE,Exon,5,5,NW_018334987.1,976345,977208,864,*,864,99,0.677083333,0.999766235,0.114583333,1.53E-73,CpGisland,TRUE
cg21144428,0.837435692,GCF_002102435.1_Ovir.te_1.0,cg21144428,RHOB,RHOB_Exon,NW_018334987.1,976542,976591,50,-,976542,976543,CGCAGGTCTTTTTTGTTGGCCACCAGGATGATGGGCACATTGGGACAGAA,Promoter (<=1kb),1006,974841,977293,2453,2,XM_020898278.1,702,XM_020898278.1,RHOB,0,TRUE,FALSE,TRUE,FALSE,FALSE,TRUE,FALSE,FALSE,FALSE,Exon,5,5,NW_018334987.1,976345,977208,864,*,864,99,0.677083333,0.999766235,0.114583333,1.53E-73,CpGisland,TRUE
cg09865624,-1.148095059,GCF_002102435.1_Ovir.te_1.0,cg09865624,LOC110129376,LOC110129376_Intergenic_downstream,NW_018341497.1,750041,750090,50,-,750089,750090,CATTTAAACTGTGTCAAAATATTCATGGAGCCCCATTGATTTGGGCAGCG,Distal Intergenic,4085,725317,735921,10605,1,XR_002311473.1,24773,NA,NA,NA,FALSE,TRUE,FALSE,FALSE,FALSE,FALSE,FALSE,FALSE,TRUE,Intergenic_downstream,4,4,NA,NA,NA,NA,NA,NA,NA,NA,NA,NA,NA,NA,TRUE
cg12324127,0.138882524,GCF_002102435.1_Ovir.te_1.0,cg12324127,TBX2,TBX2_Exon,NW_018340643.1,82489,82538,50,-,82537,82538,AGATAGTCACAGTTTTCCAGAGATCACGACAAGATCTAACCAGTCGCGCG,Promoter (<=1kb),3993,81525,91306,9782,1,XM_020879010.1,964,XM_020879010.1,TBX2,0,TRUE,FALSE,TRUE,FALSE,FALSE,TRUE,TRUE,FALSE,FALSE,Exon,7,14,NW_018340643.1,82515,82696,182,*,182,28,0.741758242,1.12,0.153846154,2.82E-25,CpGisland,TRUE
cg26376591,-0.634399579,GCF_002102435.1_Ovir.te_1.0,cg26376591,AHDC1,AHDC1_Intron,NW_018336176.1,1866298,1866347,50,+,1866298,1866299,CGTTACTTTTGAAATAATATAGAGAGAAACAAATGTGATGTGTTTAAGTT,"Intron (XM_020909137.1/AHDC1, intron 1 of 5)",2036,1863966,1927716,63751,1,XM_020909137.1,2332,XM_020909137.1;XM_020909141.1,AHDC1;AHDC1,0;0,TRUE,FALSE,FALSE,FALSE,FALSE,FALSE,TRUE,FALSE,FALSE,Intron,32,45,NA,NA,NA,NA,NA,NA,NA,NA,NA,NA,NA,NA,TRUE
cg24171637,-0.454583919,GCF_002102435.1_Ovir.te_1.0,cg24171637,PKNOX2,PKNOX2_Intergenic_upstream,NW_018340020.1,854850,854899,50,-,854850,854851,CGTGTTTACACAGAGAAAGACAATTTCTAGTTAATGGTGATTACTACCGA,Distal Intergenic,3897,674822,776080,101259,2,XM_020877680.1,-78819,NA,NA,NA,FALSE,TRUE,FALSE,FALSE,FALSE,FALSE,FALSE,FALSE,TRUE,Intergenic_upstream,12,31,NA,NA,NA,NA,NA,NA,NA,NA,NA,NA,NA,NA,TRUE
cg17491947,4.884687158,GCF_002102435.1_Ovir.te_1.0,cg17491947,GABRA4,GABRA4_Exon,NW_018336542.1,123696,123745,50,+,123744,123745,AATTTTCTGTGCACAATTTCTCCTCCTTTTGGTTCTGTCCTGGGGATTCG,Promoter (<=1kb),2311,48963,124206,75244,2,XM_020911653.1,461,XM_020911653.1,GABRA4,0,TRUE,FALSE,TRUE,FALSE,FALSE,TRUE,FALSE,FALSE,FALSE,Exon,1,1,NA,NA,NA,NA,NA,NA,NA,NA,NA,NA,NA,NA,TRUE
cg01141580,2.084790536,GCF_002102435.1_Ovir.te_1.0,cg01141580,TBX2,TBX2_Promoter,NW_018340643.1,82275,82324,50,+,82275,82276,CGTCATTGGTTAATATTTTATTCTGTTGACATGTTTTCTTACTGCTGAGG,Promoter (<=1kb),3993,81525,91306,9782,1,XM_020879010.1,750,XM_020879010.1,TBX2,0,TRUE,FALSE,TRUE,FALSE,FALSE,FALSE,TRUE,FALSE,FALSE,Promoter,7,14,NW_018340643.1,81522,82276,755,*,755,87,0.757615894,0.804450595,0.115231788,5.94E-65,CpGisland,TRUE
cg05575054,1.282895261,GCF_002102435.1_Ovir.te_1.0,cg05575054,ADRB1,ADRB1_Exon,NW_018342220.1,54249,54298,50,+,54249,54250,CGTCTTCTTCAACTGGCTGGGCTACGCCAACTCGGCCTTCAACCCCATCA,"Exon (XM_020882458.1/ADRB1, exon 1 of 1)",4178,53135,54616,1482,1,XM_020882458.1,1114,XM_020882458.1,ADRB1,0,TRUE,FALSE,FALSE,FALSE,FALSE,TRUE,FALSE,FALSE,FALSE,Exon,2,2,NW_018342220.1,53809,54704,896,*,896,113,0.712053571,1.005721551,0.126116071,3.82E-89,CpGisland,TRUE
cg21532697,-2.174982583,GCF_002102435.1_Ovir.te_1.0,cg21532697,LOC110128343,LOC110128343_Intergenic_downstream,NW_018340687.1,101433,101482,50,+,101433,101434,CGTCGTGGTGAACGCCTATATTTAATGTGTCAATGGAGCTGCAAAATGCC,Distal Intergenic,3996,379691,385094,5404,2,XM_020879095.1,283612,NA,NA,NA,FALSE,TRUE,FALSE,FALSE,FALSE,FALSE,FALSE,FALSE,TRUE,Intergenic_downstream,27,27,NA,NA,NA,NA,NA,NA,NA,NA,NA,NA,NA,NA,TRUE
cg07990641,2.615189743,GCF_002102435.1_Ovir.te_1.0,cg07990641,EBF1,EBF1_fiveUTR,NW_018335510.1,417517,417566,50,+,417517,417518,CGCGCTGCCGGCTTTGCTACTTCAAGTGTCATTTTCCACAACCAGGCAAG,5' UTR,1479,15804,437970,422167,2,XM_020903301.1,20404,XM_020903301.1;XM_020903295.1;XM_020903296.1;XM_020903297.1;XM_020903298.1;XM_020903299.1;XM_020903300.1;XM_020903302.1;XM_020903303.1,EBF1;EBF1;EBF1;EBF1;EBF1;EBF1;EBF1;EBF1;EBF1,0;0;0;0;0;0;0;0;0,TRUE,FALSE,FALSE,TRUE,FALSE,TRUE,TRUE,FALSE,FALSE,fiveUTR,1,80,NA,NA,NA,NA,NA,NA,NA,NA,NA,NA,NA,NA,TRUE
cg09244212,1.131785002,GCF_002102435.1_Ovir.te_1.0,cg09244212,NR2E1,NR2E1_Intron,NW_018333261.1,404674,404723,50,+,404674,404675,CGGGGCGCCCCATTGACTGGGCCCCGAGCCCCACTTTTCACAAACTCCAA,"Intron (XM_020892363.1/NR2E1, intron 2 of 9)",632,373933,494012,120080,2,XM_020892363.1,89289,XM_020892363.1,NR2E1,0,TRUE,FALSE,FALSE,FALSE,FALSE,FALSE,TRUE,FALSE,FALSE,Intron,32,35,NW_018333261.1,404494,404699,206,*,206,27,0.703883495,1.064293915,0.131067961,3.30E-22,CpGisland,TRUE
cg09753325,-1.586422053,GCF_002102435.1_Ovir.te_1.0,cg09753325,ASIC4,ASIC4_Promoter,NW_018335676.1,1270329,1270378,50,+,1270377,1270378,CAGCTCCATCATAAATATGATAATTTAATTATTTTCTCAGCAAAACACCG,Promoter (6-7kb),1621,1276470,1299364,22895,1,XM_020904711.1,-6092,XM_020904840.1;XM_020904839.1;XM_020904838.1;XM_020904841.1,GMPPA;GMPPA;GMPPA;GMPPA,8387;8380;8371;8325,FALSE,TRUE,TRUE,FALSE,FALSE,FALSE,FALSE,FALSE,FALSE,Promoter,4,13,NA,NA,NA,NA,NA,NA,NA,NA,NA,NA,NA,NA,TRUE
cg21623348,3.620004624,GCF_002102435.1_Ovir.te_1.0,cg21623348,LOC110146674,LOC110146674_Intergenic_upstream,NW_018328151.1,1367783,1367832,50,+,1367783,1367784,CGACGTGGAAACCCTTCCACCAAAATGAGCTGTGATATCCTTTTGATGGC,Distal Intergenic,131,1487398,1487994,597,1,LOC110146674,-119566,NA,NA,NA,FALSE,TRUE,FALSE,FALSE,FALSE,FALSE,FALSE,FALSE,TRUE,Intergenic_upstream,12,12,NW_018328151.1,1366984,1367787,804,*,804,119,0.728855721,1.119174621,0.14800995,1.41E-103,CpGisland,TRUE
cg10930156,2.907436202,GCF_002102435.1_Ovir.te_1.0,cg10930156,TBX2,TBX2_Promoter,NW_018340643.1,82395,82444,50,+,82395,82396,CGGAGACCCACAATTGGTCCAAAAAGCGTAAAATCAGCAATCAAGGGGGG,Promoter (<=1kb),3993,81525,91306,9782,1,XM_020879010.1,870,XM_020879010.1,TBX2,0,TRUE,FALSE,TRUE,FALSE,FALSE,FALSE,TRUE,FALSE,FALSE,Promoter,7,14,NA,NA,NA,NA,NA,NA,NA,NA,NA,NA,NA,NA,TRUE
cg11630053,22.22924956,GCF_002102435.1_Ovir.te_1.0,cg11630053,EML5,EML5_Exon,NW_018331940.1,128172,128221,50,+,128172,128173,CGGGGCCACCAGTGCCGCAACAACCTCTACTACACTGCGGCCAAGGAGAT,Promoter (<=1kb),507,128064,269889,141826,1,XM_020890577.1,108,XM_020890577.1;XM_020890571.1;XM_020890572.1;XM_020890573.1;XM_020890574.1;XM_020890575.1;XM_020890576.1;XR_002313392.1,EML5;EML5;EML5;EML5;EML5;EML5;EML5;EML5,0;0;0;0;0;0;0;0,TRUE,FALSE,TRUE,FALSE,FALSE,TRUE,FALSE,FALSE,FALSE,Exon,2,2,NW_018331940.1,127337,128529,1193,*,1193,183,0.783738474,1.017690328,0.153394803,2.20E-162,CpGisland,TRUE
cg14115575,0.406248803,GCF_002102435.1_Ovir.te_1.0,cg14115575,SALL1,SALL1_Promoter,NW_018334960.1,271558,271607,50,+,271606,271607,TAATCGCAATGCATTATTGATAATCATAATTATAGCAGGACACATGCGCG,Promoter (<=1kb),980,271670,287067,15398,1,XM_020897762.1,-63,XR_002314563.1;XM_020897762.1;XM_020897765.1,LOC110139726;SALL1;SALL1,0;0;0,FALSE,TRUE,TRUE,FALSE,FALSE,FALSE,FALSE,FALSE,FALSE,Promoter,5,10,NW_018334960.1,271604,271693,90,*,90,19,0.9,1.079545455,0.211111111,1.63E-20,CpGisland,TRUE
cg15569409,-20.69517032,GCF_002102435.1_Ovir.te_1.0,cg15569409,CSNK1D,CSNK1D_threeUTR,NW_018335954.1,1322220,1322269,50,+,1322268,1322269,CAGATTCCTGGTCGGGTGGCTTCCAGTGGTCTTCAGTCTGTCGTGCACCG,3' UTR,1853,1291830,1324371,32542,1,XM_020907318.1,30390,XM_020907318.1;XM_020907319.1;XM_020907317.1;XM_020907320.1;XM_020907313.1;XM_020907314.1;XM_020907312.1;XM_020907309.1;XM_020907315.1;XM_020907310.1;XM_020907316.1;XM_020907311.1,CSNK1D;CSNK1D;CSNK1D;CSNK1D;SLC16A3;SLC16A3;SLC16A3;SLC16A3;SLC16A3;SLC16A3;SLC16A3;SLC16A3,0;0;0;0;8965;9034;10093;13144;13144;15882;15882;16420,TRUE,FALSE,FALSE,FALSE,TRUE,TRUE,TRUE,FALSE,FALSE,threeUTR,4,5,NA,NA,NA,NA,NA,NA,NA,NA,NA,NA,NA,NA,TRUE
cg16629624,-3.093376303,GCF_002102435.1_Ovir.te_1.0,cg16629624,TTC9B,TTC9B_Exon,NW_018328373.1,2046282,2046331,50,+,2046330,2046331,GACACCAATGTGCTCCGCTACATCCAGCTGACTCAGCTGAAGATGAATCG,"Exon (XM_020913209.1/TTC9B, exon 3 of 3)",152,2044121,2046502,2382,1,XM_020913209.1,2161,XM_020913270.1;XM_020913022.1;XM_020913209.1,CNTD2;MAP3K10;TTC9B,8841;0;0,TRUE,FALSE,FALSE,FALSE,FALSE,TRUE,TRUE,FALSE,FALSE,Exon,1,1,NA,NA,NA,NA,NA,NA,NA,NA,NA,NA,NA,NA,TRUE
cg02176407,5.400266996,GCF_002102435.1_Ovir.te_1.0,cg02176407,POU3F2,POU3F2_Exon,NW_018335115.1,210078,210127,50,-,210126,210127,GATGGAGGCGCTGGAGGTGAGCAGGCTGTAGTGGTTAGACGCTGCGGTCG,Promoter (<=1kb),1124,208549,210287,1739,2,XM_020899769.1,160,XM_020899769.1,POU3F2,0,TRUE,FALSE,TRUE,FALSE,FALSE,TRUE,FALSE,FALSE,FALSE,Exon,9,23,NW_018335115.1,209912,210563,652,*,652,72,0.694785276,0.962914342,0.110429448,2.09E-52,CpGisland,TRUE
cg02325300,0.743949904,GCF_002102435.1_Ovir.te_1.0,cg02325300,LMO3,LMO3_Intron,NW_018329152.1,65651,65700,50,-,65651,65652,CGGGCTGCAGCTCTACTGAGACGGTTTTGTTTAAATCATGTGAGGCTTCA,"Intron (XM_020879687.1/LMO3, intron 1 of 3)",233,63291,126042,62752,1,XM_020879652.1,2360,XM_020879652.1;XM_020879687.1;XM_020879645.1;XM_020879660.1;XM_020879638.1;XM_020879669.1;XM_020879677.1,LMO3;LMO3;LMO3;LMO3;LMO3;LMO3;LMO3,0;0;0;0;0;0;0,TRUE,FALSE,FALSE,FALSE,FALSE,FALSE,TRUE,FALSE,FALSE,Intron,14,30,NA,NA,NA,NA,NA,NA,NA,NA,NA,NA,NA,NA,TRUE
cg02579003,1.870585434,GCF_002102435.1_Ovir.te_1.0,cg02579003,STC2,STC2_Intron,NW_018335202.1,22048,22097,50,-,22096,22097,TGGAAGCTCTGGTGTCACTTGAATGAAGGAGTCGAGCAGGTGTTGTCCCG,"Intron (XM_020900613.1/STC2, intron 1 of 3)",1206,10772,34451,23680,2,XM_020900613.1,12354,XM_020900612.1;XM_020900613.1,STC2;STC2,-42;0,TRUE,FALSE,FALSE,FALSE,FALSE,FALSE,TRUE,FALSE,FALSE,Intron,2,2,NW_018335202.1,22080,22446,367,*,367,37,0.656675749,0.935966363,0.100817439,1.14E-25,CpGisland,TRUE
cg22934027,-20.30468816,GCF_002102435.1_Ovir.te_1.0,cg22934027,LOC110135669,LOC110135669_Exon,NW_018332062.1,411157,411206,50,-,411157,411158,CGTTAATGGGTACCTCTGCCAGTCCCAGACACATCCGGGTCTTCGACAGC,Promoter (<=1kb),519,411198,416734,5537,1,XR_002313428.1,0,XM_020890819.1;XM_020890821.1;XM_020890820.1;XM_020890825.1;XM_020890824.1;XM_020890823.1;XR_002313424.1;XR_002313425.1;XR_002313427.1;XR_002313426.1;XR_002313429.1;XR_002313428.1;XR_002313430.1,DENND4B;DENND4B;DENND4B;GATAD2B;GATAD2B;GATAD2B;LOC110135669;LOC110135669;LOC110135669;LOC110135669;LOC110135669;LOC110135669;LOC110135669,16630;16630;17110;0;0;0;0;0;0;0;0;0;0,TRUE,FALSE,TRUE,FALSE,FALSE,TRUE,TRUE,FALSE,FALSE,Exon,5,5,NW_018332062.1,411105,411307,203,*,203,14,0.571428571,0.845078799,0.068965517,8.30E-08,CpGisland,TRUE
cg03582645,-0.694940449,GCF_002102435.1_Ovir.te_1.0,cg03582645,MAP3K20,MAP3K20_Intron,NW_018334854.1,39069,39118,50,+,39069,39070,CGAAATGGGAGGCAATTAGTGGGCTCATTTCAGTCCCCACAACTGTGCTG,"Intron (XM_020896329.1/MAP3K20, intron 16 of 19)",885,15872,179841,163970,2,XM_020896333.1,140723,XM_020896333.1;XM_020896332.1;XM_020896330.1;XM_020896331.1;XM_020896329.1,MAP3K20;MAP3K20;MAP3K20;MAP3K20;MAP3K20,0;0;0;0;0,TRUE,FALSE,FALSE,FALSE,FALSE,FALSE,TRUE,FALSE,FALSE,Intron,15,18,NA,NA,NA,NA,NA,NA,NA,NA,NA,NA,NA,NA,TRUE
cg21139873,-1.1371802,GCF_002102435.1_Ovir.te_1.0,cg21139873,PURA,PURA_Exon,NW_018341453.1,171313,171362,50,+,171361,171362,GCTGCCCGAGGGCACCTCCTTGACTGTGGACAACAAGCGCTTCTTCTTCG,Promoter (<=1kb),4082,170339,175921,5583,1,XM_020880673.1,974,XR_002311458.1;XM_020880673.1,LOC110129350;PURA,-1518;0,TRUE,FALSE,TRUE,FALSE,FALSE,TRUE,FALSE,FALSE,FALSE,Exon,13,19,NW_018341453.1,170643,171437,795,*,795,84,0.674213836,0.933986014,0.105660377,2.85E-59,CpGisland,TRUE
cg19219050,-10.98812793,GCF_002102435.1_Ovir.te_1.0,cg19219050,USP15,USP15_Intron,NW_018332428.1,67162,67211,50,-,67162,67163,CGGTTTACTAAAATAGTGAGCATACATGATCACTTGAGAATTGGGCTTCT,"Intron (XM_020891358.1/USP15, intron 7 of 20)",553,820,99401,98582,1,XM_020891358.1,66342,XM_020891358.1,USP15,0,TRUE,FALSE,FALSE,FALSE,FALSE,FALSE,TRUE,FALSE,FALSE,Intron,1,3,NA,NA,NA,NA,NA,NA,NA,NA,NA,NA,NA,NA,TRUE
cg17702917,1.015949898,GCF_002102435.1_Ovir.te_1.0,cg17702917,POU3F2,POU3F2_Exon,NW_018335115.1,210074,210123,50,-,210122,210123,GCACGATGGAGGCGCTGGAGGTGAGCAGGCTGTAGTGGTTAGACGCTGCG,Promoter (<=1kb),1124,208549,210287,1739,2,XM_020899769.1,164,XM_020899769.1,POU3F2,0,TRUE,FALSE,TRUE,FALSE,FALSE,TRUE,FALSE,FALSE,FALSE,Exon,9,23,NW_018335115.1,209912,210563,652,*,652,72,0.694785276,0.962914342,0.110429448,2.09E-52,CpGisland,TRUE
cg06318819,-6.674128779,GCF_002102435.1_Ovir.te_1.0,cg06318819,TBRG1,TBRG1_Exon,NW_018336716.1,9235,9284,50,-,9235,9236,CGTCCTGAGGGATCCAGGGCAATGGGCTGAACCAGCTTGCGAGCACCTCC,"Exon (XM_020912749.1/TBRG1, exon 4 of 9)",2441,1899,12535,10637,2,XM_020912749.1,3251,XM_020912749.1,TBRG1,0,TRUE,FALSE,FALSE,FALSE,FALSE,TRUE,FALSE,FALSE,FALSE,Exon,2,2,NA,NA,NA,NA,NA,NA,NA,NA,NA,NA,NA,NA,TRUE
cg00426154,-2.039559315,GCF_002102435.1_Ovir.te_1.0,cg00426154,MYCBP2,MYCBP2_Exon,NW_018337443.1,702883,702932,50,+,702883,702884,CGTTTATGCTTTAGCTGTGCTGGATGGGATCTGAGTCTGGCTAGAGCCTG,"Exon (XM_020916754.1/MYCBP2, exon 18 of 83)",2922,541751,795368,253618,2,XM_020916754.1,92436,XM_020916754.1,MYCBP2,0,TRUE,FALSE,FALSE,FALSE,FALSE,TRUE,FALSE,FALSE,FALSE,Exon,3,6,NA,NA,NA,NA,NA,NA,NA,NA,NA,NA,NA,NA,TRUE
cg12934962,-0.010348618,GCF_002102435.1_Ovir.te_1.0,cg12934962,LOC110129634,LOC110129634_Intron,NW_018341653.1,212288,212337,50,+,212336,212337,AGAGAGTCAAAGGATGTCCATCACTTCCCTTCTGGTAATGTAATGGGGCG,"Intron (XR_002311565.1/LOC110129634, intron 2 of 4)",4105,205335,238502,33168,2,XR_002311565.1,26165,XR_002311565.1,LOC110129634,0,TRUE,FALSE,FALSE,FALSE,FALSE,FALSE,TRUE,FALSE,FALSE,Intron,6,6,NA,NA,NA,NA,NA,NA,NA,NA,NA,NA,NA,NA,TRUE
cg01712731,-5.473329407,GCF_002102435.1_Ovir.te_1.0,cg01712731,AUTS2,AUTS2_Intron,NW_018328706.1,821803,821852,50,+,821851,821852,TAATCGTGCTTTTGTGGGAGCTGGCTGGCAGTTTGTCATCAGGAATGGCG,"Intron (XM_020869794.1/AUTS2, intron 5 of 23)",184,661838,1844571,1182734,2,XM_020869794.1,1022719,XM_020869794.1,AUTS2,0,TRUE,FALSE,FALSE,FALSE,FALSE,FALSE,TRUE,FALSE,FALSE,Intron,86,88,NA,NA,NA,NA,NA,NA,NA,NA,NA,NA,NA,NA,TRUE
cg02126096,-1.391402262,GCF_002102435.1_Ovir.te_1.0,cg02126096,LOC110128892,LOC110128892_Intergenic_upstream,NW_018341175.1,31182,31231,50,-,31230,31231,CTGTTTCAAACTGTTACTAGAGCTGTTGACACAGAATATTGTGTCTGTCG,Distal Intergenic,4051,443195,602557,159363,1,LOC110128892,-412013,NA,NA,NA,FALSE,TRUE,FALSE,FALSE,FALSE,FALSE,FALSE,FALSE,TRUE,Intergenic_upstream,24,28,NA,NA,NA,NA,NA,NA,NA,NA,NA,NA,NA,NA,TRUE
cg14270348,4.533449166,GCF_002102435.1_Ovir.te_1.0,cg14270348,NAV2,NAV2_fiveUTR,NW_018336288.1,723058,723107,50,+,723058,723059,CGACTTCATTTTGGAGGCGACCAGGATGGCCGGCATCTTCTCCCGGGGCT,Promoter (<=1kb),2123,310219,723093,412875,2,XM_020910139.1,0,XM_020910139.1;XM_020910135.1;XM_020910136.1,NAV2;NAV2;NAV2,0;0;0,TRUE,FALSE,TRUE,TRUE,FALSE,TRUE,FALSE,FALSE,FALSE,fiveUTR,1,6,NW_018336288.1,722998,723370,373,*,373,42,0.680965147,0.980043791,0.112600536,3.24E-31,CpGisland,TRUE
cg09606715,-0.166858632,GCF_002102435.1_Ovir.te_1.0,cg09606715,JADE1,JADE1_Exon,NW_018329584.1,191489,191538,50,+,191489,191490,CGAGGTCGCCTTCCCAGCAGCAGTGAGGATTCTGACGACAATGGCAGTAA,"Exon (XM_020886524.1/JADE1, exon 3 of 12)",275,169636,228696,59061,1,XM_020886524.1,21853,XM_020886524.1;XM_020886593.1;XM_020886550.1;XM_020886542.1;XM_020886582.1;XM_020886532.1;XM_020886554.1;XM_020886571.1;XM_020886586.1;XM_020886560.1,JADE1;JADE1;JADE1;JADE1;JADE1;JADE1;JADE1;JADE1;JADE1;JADE1,0;0;0;0;0;0;0;0;0;0,TRUE,FALSE,FALSE,FALSE,FALSE,TRUE,TRUE,FALSE,FALSE,Exon,6,15,NA,NA,NA,NA,NA,NA,NA,NA,NA,NA,NA,NA,TRUE
cg09659969,-0.666573243,GCF_002102435.1_Ovir.te_1.0,cg09659969,ZFHX2,ZFHX2_Intron,NW_018334940.1,37541,37590,50,+,37541,37542,CGACAGAGAGAGCTTTAAATTACAAGGCTGCTGCCACTGAGGGGGATGGG,"Intron (XM_020897336.1/ZFHX2, intron 1 of 10)",961,20208,44774,24567,2,XM_020897336.1,7184,XM_020897336.1;XM_020897338.1;XM_020897337.1;XM_020897339.1;XM_020897340.1,ZFHX2;ZFHX2;ZFHX2;ZFHX2;ZFHX2,0;0;0;0;0,TRUE,FALSE,FALSE,FALSE,FALSE,FALSE,TRUE,FALSE,FALSE,Intron,3,5,NA,NA,NA,NA,NA,NA,NA,NA,NA,NA,NA,NA,TRUE
cg03974928,-4.484177064,GCF_002102435.1_Ovir.te_1.0,cg03974928,NAA30,NAA30_Exon,NW_018338843.1,897770,897819,50,-,897770,897771,CGAGATAAGAGGCTGTTCAGATACTATTTAAATGGAGTTGATGCACTGCG,"Exon (XM_020874181.1A30, exon 4 of 4)",3655,880464,901134,20671,1,XM_020874181.1,17306,XM_020874181.1,NAA30,0,TRUE,FALSE,FALSE,FALSE,FALSE,TRUE,FALSE,FALSE,FALSE,Exon,5,7,NA,NA,NA,NA,NA,NA,NA,NA,NA,NA,NA,NA,TRUE
cg19274888,-1.294250681,GCF_002102435.1_Ovir.te_1.0,cg19274888,LOC110143474,LOC110143474_Intergenic_downstream,NW_018335486.1,121109,121158,50,+,121157,121158,CTCTCATGCAGGAAAATCTAATTATGCAGTGACAGCAGTTGGCTGACTCG,Distal Intergenic,1458,6765,24296,17532,1,XR_002315595.1,114344,NA,NA,NA,FALSE,TRUE,FALSE,FALSE,FALSE,FALSE,FALSE,FALSE,TRUE,Intergenic_downstream,10,11,NA,NA,NA,NA,NA,NA,NA,NA,NA,NA,NA,NA,TRUE
cg08708887,-3.788502242,GCF_002102435.1_Ovir.te_1.0,cg08708887,ZC3H3,ZC3H3_Intron,NW_018341620.1,1280717,1280766,50,+,1280717,1280718,CGATTATCTGTTGTGCCAAATAAATTGTGTACAGCATATATCCTGTGGCA,"Intron (XM_020881066.1/ZC3H3, intron 3 of 11)",4100,1227331,1289490,62160,2,XM_020881066.1,8724,XM_020881066.1,ZC3H3,0,TRUE,FALSE,FALSE,FALSE,FALSE,FALSE,TRUE,FALSE,FALSE,Intron,17,17,NA,NA,NA,NA,NA,NA,NA,NA,NA,NA,NA,NA,TRUE
cg07056567,-3.762649603,GCF_002102435.1_Ovir.te_1.0,cg07056567,GNB2,GNB2_Exon,NW_018329028.1,154606,154655,50,+,154654,154655,GAGCTGGAGCAACTGAGACAGGAGGCCGAGCAGCTCCGGAACCAGATCCG,"Exon (XM_020875891.1/GNB2, exon 2 of 10)",218,152068,157305,5238,1,XM_020875891.1,2538,XM_020875904.1;XM_020875891.1,GIGYF1;GNB2,0;0,TRUE,FALSE,FALSE,FALSE,FALSE,TRUE,FALSE,FALSE,FALSE,Exon,4,5,NW_018329028.1,154632,154747,116,*,116,10,0.732758621,0.714285714,0.086206897,1.35E-06,CpGisland,TRUE
cg15343541,-0.108475574,GCF_002102435.1_Ovir.te_1.0,cg15343541,LOC110152654,LOC110152654_Exon,NW_018337343.1,69114,69163,50,+,69114,69115,CGTGCATGGACCATCAGGGTAAGATTCATACTTATTCATCAGCTATATCC,"Exon (XM_020916438.1/LOC110152654, exon 3 of 5)",2858,8929,75162,66234,1,XM_020916438.1,60185,XM_020916438.1;XM_020916437.1,LOC110152654;LOC110152654,0;0,TRUE,FALSE,FALSE,FALSE,FALSE,TRUE,TRUE,FALSE,FALSE,Exon,1,15,NA,NA,NA,NA,NA,NA,NA,NA,NA,NA,NA,NA,TRUE
cg12961579,-32.80586727,GCF_002102435.1_Ovir.te_1.0,cg12961579,LOC110128379,LOC110128379_Intergenic_upstream,NW_018340731.1,639022,639071,50,-,639070,639071,TTCCAATGTAACAGATGTTCGCTAATCAGGCCAGATTTGGAGCCCTTGCG,Distal Intergenic,4000,202453,371845,169393,2,XR_002311149.1,-267226,NA,NA,NA,FALSE,TRUE,FALSE,FALSE,FALSE,FALSE,FALSE,FALSE,TRUE,Intergenic_upstream,27,27,NA,NA,NA,NA,NA,NA,NA,NA,NA,NA,NA,NA,TRUE
cg15912797,-8.595566015,GCF_002102435.1_Ovir.te_1.0,cg15912797,KAT6B,KAT6B_fiveUTR,NW_018330817.1,2219350,2219399,50,+,2219350,2219351,CGTTGACATGAATCCGACATGACACTGATTACAGCCCAATGGAGTCTCAT,5' UTR,397,2039796,2224630,184835,2,XM_020888916.1,5231,XM_020888916.1;XM_020888915.1;XM_020888919.1;XM_020888921.1;XM_020888917.1;XM_020888918.1;XM_020888920.1;XM_020888922.1,KAT6B;KAT6B;KAT6B;KAT6B;KAT6B;KAT6B;KAT6B;KAT6B,0;0;0;0;0;0;0;0,TRUE,FALSE,FALSE,TRUE,FALSE,TRUE,TRUE,FALSE,FALSE,fiveUTR,7,23,NW_018330817.1,2218891,2219365,475,*,475,48,0.734736842,0.785015838,0.101052632,3.60E-33,CpGisland,TRUE
cg24129390,-0.211199274,GCF_002102435.1_Ovir.te_1.0,cg24129390,STARD13,STARD13_Intron,NW_018338709.1,749226,749275,50,+,749226,749227,CGGGGCCAAAACCAACCTCAAACCAGGCACACCATTGATCAGGCTAGAAT,"Intron (XM_020873558.1/STARD13, intron 1 of 13)",3608,681608,845184,163577,1,XM_020873558.1,67618,XM_020873558.1;XM_020873559.1,STARD13;STARD13,0;0,TRUE,FALSE,FALSE,FALSE,FALSE,FALSE,TRUE,FALSE,FALSE,Intron,1,1,NA,NA,NA,NA,NA,NA,NA,NA,NA,NA,NA,NA,TRUE
cg16986738,-1.570586067,GCF_002102435.1_Ovir.te_1.0,cg16986738,CACNA1C,CACNA1C_Exon,NW_018335381.1,67335,67384,50,-,67335,67336,CGTCAATTATGCTGCCAATTACGATGAGGAAGTCAAAAACATTCCAGGGA,"Exon (XM_020902066.1/CACNA1C, exon 32 of 50)",1364,32074,208513,176440,2,XM_020902066.1,141129,XM_020902066.1,CACNA1C,0,TRUE,FALSE,FALSE,FALSE,FALSE,TRUE,FALSE,FALSE,FALSE,Exon,10,13,NW_018335381.1,67084,67357,274,*,274,21,0.613138686,0.86984127,0.076642336,2.54E-12,CpGisland,TRUE
cg21953480,-15.85864775,GCF_002102435.1_Ovir.te_1.0,cg21953480,NAA25,NAA25_Intron,NW_018335609.1,820363,820412,50,+,820411,820412,TGTCCGTCCGTCTTTAATTTCTCCAGATACTGCAGGCAAACAGCTCGCCG,"Intron (XM_020904202.1A25, intron 15 of 23)",1564,776996,839298,62303,1,XM_020904202.1,43367,XM_020904202.1;XM_020904203.1,NAA25;NAA25,0;0,TRUE,FALSE,FALSE,FALSE,FALSE,FALSE,TRUE,FALSE,FALSE,Intron,9,14,NW_018335609.1,820408,820500,93,*,93,10,0.602150538,1.187739464,0.107526882,1.62E-07,CpGisland,TRUE
cg10417147,-5.91376801,GCF_002102435.1_Ovir.te_1.0,cg10417147,TOX,TOX_Intron,NW_018335031.1,1411114,1411163,50,-,1411114,1411115,CGTTTATAAAAATGTTGATGTAGATATAATTAGATCCATTTTAGGACCAA,"Intron (XM_020898718.1/TOX, intron 3 of 9)",1046,1219586,1517532,297947,1,XM_020898718.1,191528,XM_020898718.1;XM_020898719.1;XM_020898720.1,TOX;TOX;TOX,0;0;0,TRUE,FALSE,FALSE,FALSE,FALSE,FALSE,TRUE,FALSE,FALSE,Intron,12,18,NA,NA,NA,NA,NA,NA,NA,NA,NA,NA,NA,NA,TRUE
cg25455370,3.407164113,GCF_002102435.1_Ovir.te_1.0,cg25455370,LOC110122307,LOC110122307_fiveUTR,NW_018337743.1,197913,197962,50,-,197913,197914,CGGGTGAAGGGACCACGTTGGACTGAGCAAAGATTACAATACATTCTATT,Promoter (<=1kb),3103,5021,197923,192903,2,XM_020869760.1,0,XM_020869760.1,LOC110122307,0,TRUE,FALSE,TRUE,TRUE,FALSE,TRUE,FALSE,FALSE,FALSE,fiveUTR,1,10,NA,NA,NA,NA,NA,NA,NA,NA,NA,NA,NA,NA,TRUE
cg19691645,-2.680152965,GCF_002102435.1_Ovir.te_1.0,cg19691645,SLTM,SLTM_Exon,NW_018342286.1,676443,676492,50,-,676491,676492,CATTCATCTCATAATCCTTGCTTTCCTTCTCCGGGCTCTGTGCAATGGCG,"Exon (XM_020882638.1/SLTM, exon 7 of 22)",4184,658485,701356,42872,2,XM_020882638.1,24864,XM_020882638.1;XM_020882633.1;XM_020882634.1;XM_020882636.1;XM_020882635.1;XM_020882637.1,SLTM;SLTM;SLTM;SLTM;SLTM;SLTM,0;0;0;0;0;0,TRUE,FALSE,FALSE,FALSE,FALSE,TRUE,FALSE,FALSE,FALSE,Exon,11,12,NA,NA,NA,NA,NA,NA,NA,NA,NA,NA,NA,NA,TRUE
cg25898064,-0.700838157,GCF_002102435.1_Ovir.te_1.0,cg25898064,LOC110152633,LOC110152633_Intergenic_downstream,NW_018337332.1,76314,76363,50,+,76362,76363,GCCTGCCAGAACAATTAACCCTACTGTTAATTAGAATGAAATGTCAGGCG,Distal Intergenic,2852,166788,176139,9352,2,XR_002318453.1,99776,NA,NA,NA,FALSE,TRUE,FALSE,FALSE,FALSE,FALSE,FALSE,FALSE,TRUE,Intergenic_downstream,2,2,NA,NA,NA,NA,NA,NA,NA,NA,NA,NA,NA,NA,TRUE
cg20194570,-4.203579389,GCF_002102435.1_Ovir.te_1.0,cg20194570,LOC110122315,LOC110122315_threeUTR,NW_018337749.1,28211,28260,50,-,28259,28260,TATTTTAGCTTTTATTGTAAAGCCCCTATGGTTCTAATCAGCGTTATCCG,3' UTR,3106,7380,28485,21106,1,XM_020869768.1,20831,XM_020869768.1,LOC110122315,0,TRUE,FALSE,FALSE,FALSE,TRUE,TRUE,FALSE,FALSE,FALSE,threeUTR,1,1,NA,NA,NA,NA,NA,NA,NA,NA,NA,NA,NA,NA,TRUE
cg20345626,-0.629219775,GCF_002102435.1_Ovir.te_1.0,cg20345626,LOC110140487,LOC110140487_Intergenic_upstream,NW_018335049.1,260583,260632,50,-,260631,260632,GCGCTCTTTAGCAGACGGGCTTGCAAACTCTGGTGATAAATAGACTTTCG,Distal Intergenic,1063,123812,125033,1222,2,XR_002314758.1,-135599,NA,NA,NA,FALSE,TRUE,FALSE,FALSE,FALSE,FALSE,FALSE,FALSE,TRUE,Intergenic_upstream,35,35,NA,NA,NA,NA,NA,NA,NA,NA,NA,NA,NA,NA,TRUE
cg18362489,-7.0783555,GCF_002102435.1_Ovir.te_1.0,cg18362489,PHF21A,PHF21A_Promoter,NW_018337865.1,201972,202021,50,-,202020,202021,TAGTTTCACTCACTTTACATCCGGGTTTTTTCCCTAGGCAATGGGTGCCG,Promoter (<=1kb),3177,202464,383399,180936,1,XM_020870160.1,-492,XM_020870134.1;XM_020870138.1;XM_020870140.1;XM_020870142.1;XM_020870147.1;XM_020870148.1;XM_020870152.1;XM_020870160.1;XM_020870137.1;XM_020870139.1;XM_020870146.1;XM_020870150.1;XM_020870154.1;XM_020870161.1;XM_020870131.1;XM_020870132.1;XM_020870135.1;XM_020870136.1;XM_020870141.1;XM_020870145.1;XM_020870151.1;XM_020870156.1;XM_020870157.1;XM_020870159.1,PHF21A;PHF21A;PHF21A;PHF21A;PHF21A;PHF21A;PHF21A;PHF21A;PHF21A;PHF21A;PHF21A;PHF21A;PHF21A;PHF21A;PHF21A;PHF21A;PHF21A;PHF21A;PHF21A;PHF21A;PHF21A;PHF21A;PHF21A;PHF21A,0;0;0;0;0;0;0;0;0;0;0;0;0;0;0;0;0;0;0;0;0;0;0;0,FALSE,TRUE,TRUE,FALSE,FALSE,FALSE,FALSE,FALSE,FALSE,Promoter,7,21,NW_018337865.1,201993,202212,220,*,220,26,0.7,0.978112175,0.118181818,4.16E-20,CpGisland,TRUE
cg23893806,0.076251252,GCF_002102435.1_Ovir.te_1.0,cg23893806,PHACTR2,PHACTR2_fiveUTR,NW_018339931.1,583014,583063,50,+,583014,583015,CGGCGGATCCTGCCCAGCGGATGCCTGTCATTCCTCTATGCAGATTAGCT,Promoter (<=1kb),3883,447663,583035,135373,2,XM_020877366.1,0,XM_020877367.1;XM_020877369.1;XM_020877366.1;XM_020877368.1,PHACTR2;PHACTR2;PHACTR2;PHACTR2,0;0;0;0,TRUE,FALSE,TRUE,TRUE,FALSE,TRUE,TRUE,FALSE,FALSE,fiveUTR,3,6,NW_018339931.1,582596,583032,437,*,437,55,0.711670481,0.99697196,0.125858124,1.17E-43,CpGisland,TRUE