"var","Coef.CetaceanBloodSkinAge.LogLinear2","Coef.CetaceanBloodAge.LogLinear2","Coef.CetaceanSkinAge.LogLinear2","Coef.CetaceanDelphinapterusLeucasBloodAge.LogLinear2","Coef.CetaceanLagenorhynchusObliquidensBloodAge.LogLinear2","Coef.CetaceanOrcinusOrcaBloodAge.LogLinear2","Coef.CetaceanTursiopsTruncatusBloodAge.LogLinear2","Coef.CetaceanBalaenaMysticetusSkinAge.LogLinear2","Coef.CetaceanCephalorhynchusHectoriHectoriSkinAge.LogLinear2","Coef.CetaceanDelphinapterusLeucasSkinAge.LogLinear2","Coef.CetaceanLagenorhynchusObliquidensSkinAge.LogLinear2","Coef.CetaceanMegapteraNovaeangliaeSkinAge.LogLinear2","Coef.CetaceanOrcinusOrcaSkinAge.LogLinear2","Coef.CetaceanTursiopsAduncusSkinAge.LogLinear2","Coef.CetaceanTursiopsTruncatusSkinAge.LogLinear2"
"(Intercept)",-0.203658825590405,0.45901240321884,2.81280639346527,3.74315076723062,-1.86831181377901,3.32117404978756,0.0664589488952589,7.1687816636374,-0.269380281998674,-0.0908356765991545,9.96561458940013,2.89349294293036,5.6353935251341,-0.649699712322152,3.87133909826283
"cg12841266",3.76908838947176,0.917057086350044,0.117013236127724,NA,NA,1.87507654072571,0.932269828110429,NA,NA,NA,NA,NA,NA,NA,0.0767989806922604
"cg10501210",-0.419764821051352,-0.488034995318033,NA,NA,NA,-0.124822528651539,-0.445397613392752,NA,NA,NA,-0.18613642935038,NA,NA,NA,-0.107795461808049
"cg13400013",0.214113656342998,NA,NA,NA,0.00487020336771821,NA,NA,NA,NA,NA,NA,1.17072479757713,NA,NA,0.880917713862565
"cg00438946",-0.72241821024765,NA,-1.0751016751244,NA,NA,NA,NA,-0.229563359874997,NA,NA,NA,NA,NA,NA,NA
"cg00662491",0.249030619954783,NA,0.733037401331339,NA,NA,NA,NA,NA,NA,NA,NA,NA,0.230124568960521,NA,0.00894567434019308
"cg01831082",-2.30142884217623,NA,-0.415144943111253,NA,NA,NA,NA,NA,-7.09774534215975,NA,NA,NA,NA,NA,NA
"cg02317025",2.57809967423778,NA,2.33685472967234,NA,NA,NA,NA,NA,NA,NA,NA,NA,0.854873682021891,3.7719343935342,NA
"cg09026530",-0.155795579512398,NA,-0.402732549829319,NA,NA,NA,NA,NA,-0.291488562029676,NA,NA,NA,NA,NA,NA
"cg07010480",-0.521794502133197,NA,-1.08527294761757,NA,NA,NA,NA,NA,NA,NA,NA,NA,NA,NA,-1.96599100845615
"cg08695595",0.0321913195011469,NA,1.52052174979865,NA,NA,NA,NA,NA,NA,NA,NA,NA,NA,1.36216107283106,NA
"cg09227056",1.22835962046396,NA,1.20866089393133,NA,NA,NA,NA,NA,NA,NA,NA,NA,0.131274118433345,1.91730553743686,1.8117166138115
"cg11361078",-0.599444429080635,NA,-0.430137101560532,NA,NA,NA,NA,NA,NA,NA,NA,NA,NA,-0.0377506673021453,NA
"cg13237109",-0.329321401788308,NA,-0.454061831416694,NA,NA,NA,NA,NA,NA,NA,NA,NA,NA,NA,-0.295956285408263
"cg14443903",-0.665030611098718,NA,-0.858556620582067,NA,NA,NA,NA,NA,NA,NA,NA,NA,-0.18157002441083,NA,NA
"cg15809488",-1.55564114693459,NA,-1.53889912918713,NA,NA,NA,NA,-0.159592786623893,NA,-1.16449369883907,NA,NA,-0.00232496198073786,-0.141594957622744,-0.0692544303240572
"cg20233387.1",0.246756994660692,NA,0.790446003049199,NA,NA,NA,NA,NA,NA,NA,NA,NA,NA,0.504599927252275,0.906856381029877
"cg22929401",-0.951158063239426,NA,-0.407705375542498,NA,NA,NA,NA,-0.555963814370712,NA,-0.737756297551802,NA,NA,NA,NA,NA
"cg19690914",0.0134283023189848,NA,0.25365790876628,NA,NA,NA,NA,NA,NA,NA,NA,NA,0.3139813185876,NA,NA
"cg24482288",-0.365235472591596,NA,-0.0984054183161843,NA,NA,NA,NA,-1.09254430546524,NA,NA,NA,NA,NA,NA,NA
"cg22102944",0.114990026570834,NA,0.0711029061283617,NA,NA,NA,NA,NA,NA,NA,NA,NA,0.160550988736899,0.0230411598516556,NA
"cg23576695",-0.278145121177532,NA,-0.236223421448329,NA,NA,NA,NA,NA,NA,NA,NA,NA,NA,-0.952093636143383,-0.096989562865473
"cg25049678",-0.0220188945130074,NA,-0.144873898281534,NA,NA,NA,NA,NA,NA,-0.118247323064531,-0.169024526427365,-0.369037919118339,-0.229807676619429,NA,NA
"cg24104506",0.258428775705209,NA,0.559718282397585,NA,NA,NA,NA,NA,NA,NA,NA,NA,NA,NA,0.0847025181487113
"cg25201652",-0.769223322195428,NA,-0.42067975646771,NA,NA,NA,NA,NA,NA,NA,NA,-0.00502533635251068,NA,NA,NA
"cg26472617",1.14705613586931,NA,2.01736579025898,NA,NA,NA,NA,NA,NA,NA,NA,NA,NA,1.03939404298228,NA
"cg27088374",-0.0697592092209764,NA,-0.778175368823466,NA,NA,NA,NA,NA,NA,NA,NA,NA,-0.690205705415902,NA,NA
"cg19234378",NA,NA,0.114330801945549,NA,NA,NA,NA,NA,NA,NA,NA,NA,0.321618717189871,NA,NA
"cg05262711",NA,NA,0.540390154633265,NA,NA,NA,NA,NA,NA,NA,NA,NA,0.160806628356606,NA,NA
"cg03821480",-0.0221343494280478,NA,NA,NA,NA,NA,NA,NA,NA,0.101691917463841,NA,NA,NA,NA,NA
"cg04051518",-0.122870340971126,NA,NA,NA,NA,NA,NA,NA,NA,-0.0566703738951212,NA,NA,-0.16823265710818,NA,NA
"cg04091966",0.10644050902354,NA,NA,NA,NA,NA,NA,NA,NA,NA,NA,0.10993038573861,NA,NA,NA
"cg06472065",-0.0109758706062285,NA,NA,NA,NA,NA,NA,NA,NA,NA,NA,-0.217389444541773,NA,-0.637654004966217,NA
"cg07366921",-0.148330066308561,NA,NA,NA,NA,NA,NA,NA,NA,-0.0756392621074222,NA,NA,NA,NA,NA
"cg08796632",-0.141178982096153,NA,NA,NA,NA,NA,NA,NA,NA,NA,NA,NA,-0.316582073834778,NA,NA
"cg21977797",-0.338889021706567,NA,NA,NA,NA,NA,NA,NA,NA,NA,NA,NA,-1.24844199678632,NA,NA
"cg01814115",NA,NA,-0.0391275847830451,NA,NA,NA,NA,NA,NA,NA,NA,-0.0143426692794033,NA,NA,NA
"cg07895731",NA,NA,-0.709834488250806,NA,NA,NA,NA,NA,NA,NA,NA,NA,NA,-0.00215763025577407,NA
"cg20582188",NA,NA,-0.320590328628487,NA,NA,NA,NA,NA,-0.818587439699648,NA,NA,NA,NA,NA,NA
"cg01903435",NA,0.110840148251309,NA,NA,NA,NA,NA,NA,NA,NA,NA,NA,-0.963134497303845,NA,NA
"cg03668418",NA,-0.136865284730097,NA,NA,NA,NA,NA,NA,NA,NA,NA,NA,NA,-0.940596240307054,NA
"cg26931400",NA,NA,-0.0417641182991615,NA,NA,NA,NA,-1.69235370234396,NA,NA,NA,NA,-0.348899156592588,NA,NA
"cg23437216",-0.528537870081586,NA,NA,NA,NA,NA,NA,NA,NA,NA,NA,-1.46408090839242,NA,NA,NA
"cg06029792",NA,NA,0.84764528576367,NA,NA,NA,NA,NA,NA,0.557831649490241,NA,NA,NA,NA,NA
"cg00386499",NA,NA,-0.321577041231146,NA,NA,NA,NA,NA,NA,NA,-0.515970568843188,NA,NA,NA,NA
"cg01675333",NA,NA,-0.0502853745619065,NA,NA,NA,NA,-0.0650937259345688,NA,NA,-0.134129040888541,NA,-0.0538942697035835,NA,NA
"cg07867602",NA,-0.525001331987355,NA,NA,NA,NA,NA,NA,NA,NA,NA,0.0822393920703663,NA,NA,NA
"cg19109725",NA,NA,-0.0293092615344928,NA,NA,NA,NA,-0.448276375452884,NA,-0.0402885809671453,NA,NA,NA,NA,NA
"cg12231969",NA,NA,0.291220369930447,NA,NA,NA,NA,1.00185416642384,NA,NA,NA,NA,NA,NA,NA
"cg25915235",NA,NA,-0.033223779634049,NA,NA,NA,NA,NA,NA,NA,NA,NA,-0.319500780789038,NA,NA
"cg09434366",NA,NA,-0.172052985550533,NA,NA,NA,NA,NA,-0.306453767415874,NA,NA,NA,NA,-0.837280210307658,NA
"cg21396365",NA,NA,-0.402166853829429,NA,NA,NA,NA,NA,NA,NA,NA,NA,-0.352630095601649,NA,NA
"cg22780431",NA,NA,-0.0257339379563448,NA,NA,NA,NA,-0.109172152625149,NA,NA,NA,NA,NA,NA,NA
"cg13380453",NA,NA,0.51337025412116,NA,NA,NA,NA,NA,NA,2.31056079924985,NA,NA,NA,NA,NA
"cg18433728",NA,NA,-0.0047426019983394,NA,NA,NA,NA,NA,NA,NA,NA,NA,NA,NA,-0.377149688114408
"cg18632404",NA,NA,-0.121921547132409,NA,NA,NA,NA,-0.00532798086759254,NA,NA,NA,NA,NA,NA,NA
"cg25438282",-0.324788789853121,NA,-0.32454083153511,NA,NA,NA,NA,NA,NA,NA,NA,NA,NA,NA,NA
"cg11728741",1.57611819935691,1.10559871654454,0.97758118070138,0.110099000544811,1.24203520412326,1.26729496537128,2.54359815217687,NA,NA,NA,NA,NA,NA,NA,NA
"cg21079728",-0.276126133124871,NA,NA,NA,NA,NA,NA,NA,NA,NA,NA,NA,NA,NA,NA
"cg20397004",0.469760160410113,NA,0.571277305145434,NA,0.38688321659758,NA,NA,NA,NA,NA,NA,NA,NA,NA,NA
"cg07026794",-0.00227879044700208,-0.464650309810099,NA,NA,NA,-0.158349063142297,NA,NA,NA,NA,NA,NA,NA,NA,NA
"cg10380103",-0.0959109689724026,NA,NA,NA,NA,NA,NA,NA,NA,NA,NA,NA,NA,NA,NA
"cg18304538",1.62085077986827,0.558410141421303,NA,NA,NA,NA,1.74365792799041,NA,NA,NA,NA,NA,NA,NA,NA
"cg24805210",-0.0421657217926146,-0.37582853648606,NA,NA,NA,NA,-0.192430557940675,NA,NA,NA,NA,NA,NA,NA,NA
"cg26957053",0.113189526430544,0.0909746751383015,NA,NA,NA,NA,0.0181700938951978,NA,NA,NA,NA,NA,NA,NA,NA
"cg00493831",0.303540114629579,NA,NA,NA,1.0945927868974,NA,NA,NA,NA,NA,NA,NA,NA,NA,NA
"cg05844902",-0.0845000933615806,NA,NA,NA,-0.177863805378187,NA,NA,NA,NA,NA,NA,NA,NA,NA,NA
"cg06836529",-0.085991206736349,NA,NA,-0.0427355726108859,NA,NA,NA,NA,NA,NA,NA,NA,NA,NA,NA
"cg13502730",0.354791400743944,NA,NA,NA,NA,NA,0.262113423808081,NA,NA,NA,NA,NA,NA,NA,NA
"cg18420945",-1.39650931853087,NA,NA,NA,NA,NA,NA,NA,NA,NA,NA,NA,NA,NA,NA
"cg07676309",0.00853293680880047,NA,NA,NA,0.0313073868637925,NA,NA,NA,NA,NA,NA,NA,NA,NA,NA
"cg15675176",0.616073036086877,NA,NA,NA,NA,NA,0.320418235139156,NA,NA,NA,NA,NA,NA,NA,NA
"cg04184175",NA,-1.8413077495439,NA,-0.441305950686729,-0.321315040050821,-0.772328968830393,-0.365079711425926,NA,NA,NA,NA,NA,NA,NA,NA
"cg16848873",-0.154255536825905,NA,NA,-0.424839456343434,NA,-0.255648344175251,NA,NA,NA,NA,NA,NA,NA,NA,NA
"cg11084334",NA,1.36210636794914,NA,NA,0.849074686083645,NA,1.12078428535187,NA,NA,NA,NA,NA,NA,NA,NA
"cg13020851",-0.595022473875551,NA,NA,NA,-0.0450018249924815,NA,NA,NA,NA,NA,NA,NA,NA,NA,NA
"cg12946225",NA,0.202003689021964,NA,NA,NA,NA,0.0835003453975295,NA,NA,NA,NA,NA,NA,NA,NA
"cg21286076",NA,0.0500239217697766,NA,0.0439854266865142,NA,NA,NA,NA,NA,NA,NA,NA,NA,NA,NA
"cg24866418",NA,0.140392003664888,NA,NA,NA,NA,0.402640579212211,NA,NA,NA,NA,NA,NA,NA,NA
"cg12880090",NA,-0.114284261657236,NA,NA,-1.29231509320758,NA,NA,NA,NA,NA,NA,NA,NA,NA,NA
"cg26554534",NA,-0.61703129305926,NA,NA,NA,NA,-0.344904397649536,NA,NA,NA,NA,NA,NA,NA,NA
"cg17437489",-0.114124518969846,NA,NA,NA,-0.213012521888016,NA,-0.129801828188984,NA,NA,NA,NA,NA,NA,NA,NA
"cg17594003.2",-0.0017743575123538,NA,NA,NA,NA,NA,-0.0367572802760397,NA,NA,NA,NA,NA,NA,NA,NA
"cg14115575",NA,1.23870126417199,NA,NA,NA,NA,1.32777579310812,NA,NA,NA,NA,NA,NA,NA,NA
"cg14812570",NA,-0.265341613574298,NA,-0.329180163616448,NA,-0.758903833755186,-0.016416394952029,NA,NA,NA,NA,NA,NA,NA,NA
"cg17997082",NA,0.484921064327257,NA,NA,NA,0.481005264701015,0.00927557660083649,NA,NA,NA,NA,NA,NA,NA,NA
"cg24015091",NA,0.0708432039956791,NA,NA,NA,NA,0.0266254710639259,NA,NA,NA,NA,NA,NA,NA,NA
"cg19834403",NA,0.21932020904374,NA,0.056255919470108,NA,NA,NA,NA,NA,NA,NA,NA,NA,NA,NA
"cg09363187",NA,0.427164906817555,NA,NA,0.707410693661528,NA,0.14052951635046,NA,NA,NA,NA,NA,NA,NA,NA
"cg09710440",NA,1.17007396202473,NA,NA,1.54253870893866,0.260085990215209,NA,NA,NA,NA,NA,NA,NA,NA,NA
"cg11622231",NA,0.0371084059625244,NA,0.0800845550222701,NA,NA,NA,NA,NA,NA,NA,NA,NA,NA,NA
"cg06670018",NA,0.0171549653239005,NA,NA,0.0261782588359815,NA,NA,NA,NA,NA,NA,NA,NA,NA,NA
"cg13753818",NA,-0.616397458377969,NA,-0.342596564059711,NA,NA,NA,NA,NA,NA,NA,NA,NA,NA,NA
"cg23087015",NA,0.26023092254042,NA,NA,NA,NA,0.283487465147472,NA,NA,NA,NA,NA,NA,NA,NA
"cg17037818",NA,NA,0.0119250634096405,NA,NA,0.0439963913004679,NA,NA,NA,NA,NA,NA,NA,NA,NA
"cg02532525",0.447768441636884,NA,NA,NA,NA,NA,NA,NA,NA,NA,NA,NA,NA,NA,NA
"cg02598071",0.554725575332978,NA,NA,NA,NA,NA,NA,NA,NA,NA,NA,NA,NA,NA,NA
"cg02607544",0.0388898068692639,NA,NA,NA,NA,NA,NA,NA,NA,NA,NA,NA,NA,NA,NA
"cg04234156",0.860712727016072,NA,0.843284383167363,NA,NA,NA,NA,NA,NA,NA,NA,NA,NA,NA,NA
"cg00103762",0.789828482444027,NA,0.37968010623531,NA,NA,NA,NA,NA,NA,NA,NA,NA,NA,NA,NA
"cg00249744",-2.51058201016295,NA,-0.396620035884028,NA,NA,NA,NA,NA,NA,NA,NA,NA,NA,NA,NA
"cg13452214",-0.778674929734622,NA,NA,NA,NA,NA,NA,NA,NA,NA,NA,NA,NA,NA,NA
"cg00616272",0.172933264256148,NA,0.0580417423532898,NA,NA,NA,NA,NA,NA,NA,NA,NA,NA,NA,NA
"cg21896024",0.185149537220654,NA,NA,NA,NA,NA,NA,NA,NA,NA,NA,NA,NA,NA,NA
"cg07012968",0.118625031811854,NA,NA,NA,NA,NA,NA,NA,NA,NA,NA,NA,NA,NA,NA
"cg13754720",1.46550966541061,NA,NA,NA,NA,NA,NA,NA,NA,NA,NA,NA,NA,NA,NA
"cg02481736",0.0374182804363143,NA,0.230984261442234,NA,NA,NA,NA,NA,NA,NA,NA,NA,NA,NA,NA
"cg02743560",-0.162588217603466,NA,-0.076412401561216,NA,NA,NA,NA,NA,NA,NA,NA,NA,NA,NA,NA
"cg02918319",0.52630445899332,NA,0.560133001643913,NA,NA,NA,NA,NA,NA,NA,NA,NA,NA,NA,NA
"cg03058520",0.449346624790334,NA,0.0731226729263307,NA,NA,NA,NA,NA,NA,NA,NA,NA,NA,NA,NA
"cg03091146",-0.318705030698191,NA,-0.201970740164191,NA,NA,NA,NA,NA,NA,NA,NA,NA,NA,NA,NA
"cg03232860",2.2945628833695,NA,1.28283954230214,NA,NA,NA,NA,NA,NA,NA,NA,NA,NA,NA,NA
"cg03941011",-0.0533085509688841,NA,-0.162291677101342,NA,NA,NA,NA,NA,NA,NA,NA,NA,NA,NA,NA
"cg04561309",0.253797989278676,NA,0.135786077686198,NA,NA,NA,NA,NA,NA,NA,NA,NA,NA,NA,NA
"cg05399958",-2.94173969489078,NA,-1.14395391739987,NA,NA,NA,NA,NA,NA,NA,NA,NA,NA,NA,NA
"cg11654048",-0.000380156433670594,NA,NA,NA,NA,NA,NA,NA,NA,NA,NA,NA,NA,NA,NA
"cg05486014",-0.220892904739581,NA,-0.360644914879645,NA,NA,NA,NA,NA,NA,NA,NA,NA,NA,NA,NA
"cg05605102",0.0917525409053538,NA,0.169034664493073,NA,NA,NA,NA,NA,NA,NA,NA,NA,NA,NA,NA
"cg06315860",-0.123520949423928,NA,-0.25956972308821,NA,NA,NA,NA,NA,NA,NA,NA,NA,NA,NA,NA
"cg04294426",-0.0481720750631896,NA,NA,NA,NA,NA,NA,NA,NA,NA,NA,NA,NA,NA,NA
"cg07440924",0.889371325563773,NA,0.622209878566233,NA,NA,NA,NA,NA,NA,NA,NA,NA,NA,NA,NA
"cg07601683",-0.246887466279923,NA,-0.314946312531619,NA,NA,NA,NA,NA,NA,NA,NA,NA,NA,NA,NA
"cg08069628",0.25715174758507,NA,0.114964663833513,NA,NA,NA,NA,NA,NA,NA,NA,NA,NA,NA,NA
"cg11855699",1.33712330194376,NA,1.14989995109055,NA,NA,NA,NA,NA,NA,NA,NA,NA,NA,NA,NA
"cg05037737",0.108563964823398,NA,NA,NA,NA,NA,NA,NA,NA,NA,NA,NA,NA,NA,NA
"cg08823114",-0.0200480896878419,NA,-0.0512535146326202,NA,NA,NA,NA,NA,NA,NA,NA,NA,NA,NA,NA
"cg08880986",-0.231402716297288,NA,NA,NA,NA,NA,NA,NA,NA,NA,NA,NA,NA,NA,NA
"cg09319435",-0.0884264480347434,NA,-0.180754567476882,NA,NA,NA,NA,NA,NA,NA,NA,NA,NA,NA,NA
"cg13228051",0.542799685751041,NA,0.0262496637508574,NA,NA,NA,NA,NA,NA,NA,NA,NA,NA,NA,NA
"cg09973880",-0.697785643520722,NA,-0.280765462752509,NA,NA,NA,NA,NA,NA,NA,NA,NA,NA,NA,NA
"cg10376094",0.0295082201714916,NA,0.276615778369704,NA,NA,NA,NA,NA,NA,NA,NA,NA,NA,NA,NA
"cg10448255",0.64224830080165,NA,0.140694857351144,NA,NA,NA,NA,NA,NA,NA,NA,NA,NA,NA,NA
"cg10661056",-0.346369055259616,NA,-0.117940375455159,NA,NA,NA,NA,NA,NA,NA,NA,NA,NA,NA,NA
"cg10865119",1.86987405215219,NA,0.574629821443787,NA,NA,NA,NA,NA,NA,NA,NA,NA,NA,NA,NA
"cg09362546",-0.162347522296666,NA,NA,NA,NA,NA,NA,NA,NA,NA,NA,NA,NA,NA,NA
"cg11616824",0.296562030895706,NA,0.00147560004538971,NA,NA,NA,NA,NA,NA,NA,NA,NA,NA,NA,NA
"cg11746914",-0.31312431837868,NA,-0.165484858903424,NA,NA,NA,NA,NA,NA,NA,NA,NA,NA,NA,NA
"cg12597232",0.109290254391409,NA,0.223745995694696,NA,NA,NA,NA,NA,NA,NA,NA,NA,NA,NA,NA
"cg12897917",-0.949190053526057,NA,-1.97252389999437,NA,NA,NA,NA,NA,NA,NA,NA,NA,NA,NA,NA
"cg27038006",NA,NA,0.250792591251682,NA,NA,NA,NA,NA,NA,NA,NA,NA,NA,NA,NA
"cg13837730",-0.521383571407074,NA,-0.173955438949145,NA,NA,NA,NA,NA,NA,NA,NA,NA,NA,NA,NA
"cg14212534",0.225251492244928,NA,0.267721896135636,NA,NA,NA,NA,NA,NA,NA,NA,NA,NA,NA,NA
"cg14387043",0.0627250698408299,NA,0.179142540411557,NA,NA,NA,NA,NA,NA,NA,NA,NA,NA,NA,NA
"cg17830204",-0.206706707447754,NA,NA,NA,NA,NA,NA,NA,NA,NA,NA,NA,NA,NA,NA
"cg15312434",-0.21886718057459,NA,-0.123039632849962,NA,NA,NA,NA,NA,NA,NA,NA,NA,NA,NA,NA
"cg15761219",0.117929290200656,NA,0.551801411190824,NA,NA,NA,NA,NA,NA,NA,NA,NA,NA,NA,NA
"cg07254032",0.0262854677297403,NA,NA,NA,NA,NA,NA,NA,NA,NA,NA,NA,NA,NA,NA
"cg19834279",-0.973281735150556,NA,-1.14212361906962,NA,NA,NA,NA,NA,NA,NA,NA,NA,NA,NA,NA
"cg04931708",NA,0.840791109101295,NA,NA,NA,NA,NA,NA,NA,NA,NA,NA,NA,NA,NA
"cg17201550",0.311811811997289,NA,0.0708825761313515,NA,NA,NA,NA,NA,NA,NA,NA,NA,NA,NA,NA
"cg17537062",0.157623599392977,NA,0.155468330860798,NA,NA,NA,NA,NA,NA,NA,NA,NA,NA,NA,NA
"cg17712396",-0.28819145447849,NA,-0.134946974216259,NA,NA,NA,NA,NA,NA,NA,NA,NA,NA,NA,NA
"cg17777878",-0.393929412221839,NA,-0.499592000786572,NA,NA,NA,NA,NA,NA,NA,NA,NA,NA,NA,NA
"cg18126093",-0.0122479235902299,NA,-0.0180413506753752,NA,NA,NA,NA,NA,NA,NA,NA,NA,NA,NA,NA
"cg22262669",0.0917576920255228,NA,0.231049078291039,NA,NA,NA,NA,NA,NA,NA,NA,NA,NA,NA,NA
"cg18770368",0.247760372662076,NA,0.102305532611481,NA,NA,NA,NA,NA,NA,NA,NA,NA,NA,NA,NA
"cg08097417",-0.207208557194755,NA,NA,NA,NA,NA,NA,NA,NA,NA,NA,NA,NA,NA,NA
"cg19439984",-0.193717157281661,NA,-0.129338549050865,NA,NA,NA,NA,NA,NA,NA,NA,NA,NA,NA,NA
"cg19346563",0.0601837941081626,NA,NA,NA,NA,NA,NA,NA,NA,NA,NA,NA,NA,NA,NA
"cg08468878",0.170840704984942,NA,NA,NA,NA,NA,NA,NA,NA,NA,NA,NA,NA,NA,NA
"cg11940021",-0.0984494090546463,NA,NA,NA,NA,NA,NA,NA,NA,NA,NA,NA,NA,NA,NA
"cg20587691",2.28492136341018,NA,1.22576517980902,NA,NA,NA,NA,NA,NA,NA,NA,NA,NA,NA,NA
"cg19646671",0.028050639477967,NA,NA,NA,NA,NA,NA,NA,NA,NA,NA,NA,NA,NA,NA
"cg22253535",-0.233229204350482,NA,-0.201680136220984,NA,NA,NA,NA,NA,NA,NA,NA,NA,NA,NA,NA
"cg22272938",-0.425926434128273,NA,-0.31963145052433,NA,NA,NA,NA,NA,NA,NA,NA,NA,NA,NA,NA
"cg22376420",0.117816829441203,NA,0.0965653241866612,NA,NA,NA,NA,NA,NA,NA,NA,NA,NA,NA,NA
"cg22562422",0.572174740576751,NA,0.427085378723104,NA,NA,NA,NA,NA,NA,NA,NA,NA,NA,NA,NA
"cg27022663",0.352728629867663,NA,0.124024188470733,NA,NA,NA,NA,NA,NA,NA,NA,NA,NA,NA,NA
"cg23079556",-0.384768150694141,NA,-0.184265533312205,NA,NA,NA,NA,NA,NA,NA,NA,NA,NA,NA,NA
"cg23114866",0.125979315367442,NA,0.0826149283057727,NA,NA,NA,NA,NA,NA,NA,NA,NA,NA,NA,NA
"cg23316150",-1.16742536717306,NA,-0.078434970647099,NA,NA,NA,NA,NA,NA,NA,NA,NA,NA,NA,NA
"cg09127786",0.106832827760351,NA,NA,NA,NA,NA,NA,NA,NA,NA,NA,NA,NA,NA,NA
"cg23687194",-0.00790545789984812,NA,-0.745473813179409,NA,NA,NA,NA,NA,NA,NA,NA,NA,NA,NA,NA
"cg12703184",-0.00879611407797661,NA,NA,NA,NA,NA,NA,NA,NA,NA,NA,NA,NA,NA,NA
"cg16941314",0.0966604971153568,NA,NA,NA,NA,NA,NA,NA,NA,NA,NA,NA,NA,NA,NA
"cg24147395",0.186742662577443,NA,0.285028101317701,NA,NA,NA,NA,NA,NA,NA,NA,NA,NA,NA,NA
"cg24450847",-0.433556030339319,NA,-0.614272242423511,NA,NA,NA,NA,NA,NA,NA,NA,NA,NA,NA,NA
"cg09827655",-0.0636694133980647,NA,NA,NA,NA,NA,NA,NA,NA,NA,NA,NA,NA,NA,NA
"cg24895764",-0.0836847722303051,NA,-0.0333151164032851,NA,NA,NA,NA,NA,NA,NA,NA,NA,NA,NA,NA
"cg03571891",NA,0.557448069322434,NA,NA,NA,NA,NA,NA,NA,NA,NA,NA,NA,NA,NA
"cg25678914",-0.349036810253409,NA,-0.202861751842618,NA,NA,NA,NA,NA,NA,NA,NA,NA,NA,NA,NA
"cg26504436",0.252553802038759,NA,0.326831007772512,NA,NA,NA,NA,NA,NA,NA,NA,NA,NA,NA,NA
"cg08996087",NA,NA,0.211038251904424,NA,NA,NA,NA,NA,NA,NA,NA,NA,NA,NA,NA
"cg27201382",0.373787332341038,NA,0.0174808241111927,NA,NA,NA,NA,NA,NA,NA,NA,NA,NA,NA,NA
"cg27482810",0.0215770757530972,NA,0.034928496996198,NA,NA,NA,NA,NA,NA,NA,NA,NA,NA,NA,NA
"cg24941333",0.191329931223554,NA,NA,NA,NA,NA,NA,NA,NA,NA,NA,NA,NA,NA,NA
"cg10651453",-0.331055500272974,NA,NA,NA,NA,NA,NA,NA,NA,NA,NA,NA,NA,NA,NA
"cg05463929",0.0174640958980423,0.353172953717286,NA,NA,NA,NA,NA,NA,NA,NA,NA,NA,NA,NA,NA
"cg06461219",-0.116758601000186,-0.755371355896845,NA,NA,NA,NA,NA,NA,NA,NA,NA,NA,NA,NA,NA
"cg26014931",0.0645624530596707,NA,NA,NA,NA,NA,NA,NA,NA,NA,NA,NA,NA,NA,NA
"cg00363312",NA,NA,-0.284883303366841,NA,NA,NA,NA,NA,NA,NA,NA,NA,NA,NA,NA
"cg03721768",-0.493296028159385,NA,NA,NA,NA,NA,NA,NA,NA,NA,NA,NA,NA,NA,NA
"cg03767531",0.482602459679898,NA,NA,NA,NA,NA,NA,NA,NA,NA,NA,NA,NA,NA,NA
"cg14563628",0.195046698552944,NA,NA,NA,NA,NA,NA,NA,NA,NA,NA,NA,NA,NA,NA
"cg19711579",0.883115355700361,0.316865360651923,NA,NA,NA,NA,NA,NA,NA,NA,NA,NA,NA,NA,NA
"cg20421508",0.875553810524511,1.88455834652985,NA,NA,NA,NA,NA,NA,NA,NA,NA,NA,NA,NA,NA
"cg14991487",0.482080043119154,NA,NA,NA,NA,NA,NA,NA,NA,NA,NA,NA,NA,NA,NA
"cg26843878",0.594348064498879,1.47955978742733,NA,NA,NA,NA,NA,NA,NA,NA,NA,NA,NA,NA,NA
"cg23019001",0.0742208731749317,NA,NA,NA,NA,NA,NA,NA,NA,NA,NA,NA,NA,NA,NA
"cg08424346",-0.0502195007985271,NA,NA,NA,NA,NA,NA,NA,NA,NA,NA,NA,NA,NA,NA
"cg00015319",0.14839746486424,NA,NA,NA,NA,NA,NA,NA,NA,NA,NA,NA,NA,NA,NA
"cg00038849",-0.0168919160707346,NA,NA,NA,NA,NA,NA,NA,NA,NA,NA,NA,NA,NA,NA
"cg04785091",0.0467058745154831,NA,NA,NA,NA,NA,NA,NA,NA,NA,NA,NA,NA,NA,NA
"cg04974157",0.00111039262365209,NA,NA,NA,NA,NA,NA,NA,NA,NA,NA,NA,NA,NA,NA
"cg00304877",0.0890184631908586,NA,NA,NA,NA,NA,NA,NA,NA,NA,NA,NA,NA,NA,NA
"cg00398876",0.0516330211859084,NA,NA,NA,NA,NA,NA,NA,NA,NA,NA,NA,NA,NA,NA
"cg05322294",-0.279858483465161,NA,NA,NA,NA,NA,NA,NA,NA,NA,NA,NA,NA,NA,NA
"cg12390754",-0.0415001613742001,NA,NA,NA,NA,NA,NA,NA,NA,NA,NA,NA,NA,NA,NA
"cg00595237",0.0259317987894157,NA,NA,NA,NA,NA,NA,NA,NA,NA,NA,NA,NA,NA,NA
"cg12413566",0.0141354940673497,NA,NA,NA,NA,NA,NA,NA,NA,NA,NA,NA,NA,NA,NA
"cg09036505",0.468368299145489,NA,NA,NA,NA,NA,NA,NA,NA,NA,NA,NA,NA,NA,NA
"cg09113483",0.8865882518766,NA,NA,NA,NA,NA,NA,NA,NA,NA,NA,NA,NA,NA,NA
"cg02246955",-0.150082824703367,NA,NA,NA,NA,NA,NA,NA,NA,NA,NA,NA,NA,NA,NA
"cg23346072",NA,0.0432743222914605,NA,NA,NA,NA,NA,NA,NA,NA,NA,NA,NA,NA,NA
"cg02343568",0.0744641009210168,NA,NA,NA,NA,NA,NA,NA,NA,NA,NA,NA,NA,NA,NA
"cg06124187",-0.167092226199451,NA,NA,NA,NA,NA,NA,NA,NA,NA,NA,NA,NA,NA,NA
"cg27430422",0.151377923794644,NA,NA,NA,NA,NA,NA,NA,NA,NA,NA,NA,NA,NA,NA
"cg20988447",NA,NA,-0.0102274989357436,NA,NA,NA,NA,NA,NA,NA,NA,NA,NA,NA,NA
"cg24869569",-0.28029198425376,NA,NA,NA,NA,NA,NA,NA,NA,NA,NA,NA,NA,NA,NA
"cg09851167",0.591078610571034,NA,NA,NA,NA,NA,NA,NA,NA,NA,NA,NA,NA,NA,NA
"cg02753243",0.144643814030917,NA,NA,NA,NA,NA,NA,NA,NA,NA,NA,NA,NA,NA,NA
"cg02821342",-0.328961591736479,NA,NA,NA,NA,NA,NA,NA,NA,NA,NA,NA,NA,NA,NA
"cg19204561",NA,NA,NA,NA,NA,NA,-0.396943922535552,NA,NA,NA,NA,NA,NA,NA,NA
"cg02957160",-0.00204027075973976,NA,NA,NA,NA,NA,NA,NA,NA,NA,NA,NA,NA,NA,NA
"cg06816948",NA,NA,-0.244746194743714,NA,NA,NA,NA,NA,NA,NA,NA,NA,NA,NA,NA
"cg25359553",-0.27889588860081,NA,NA,NA,NA,NA,NA,NA,NA,NA,NA,NA,NA,NA,NA
"cg25410683",-0.0911080264491361,NA,NA,NA,NA,NA,NA,NA,NA,NA,NA,NA,NA,NA,NA
"cg03278514",-0.245883488462593,NA,NA,NA,NA,NA,NA,NA,NA,NA,NA,NA,NA,NA,NA
"cg03340036",-0.603628596936525,NA,NA,NA,NA,NA,NA,NA,NA,NA,NA,NA,NA,NA,NA
"cg03587925",-0.246604476069588,NA,NA,NA,NA,NA,NA,NA,NA,NA,NA,NA,NA,NA,NA
"cg03708116",0.273606146877883,NA,NA,NA,NA,NA,NA,NA,NA,NA,NA,NA,NA,NA,NA
"cg07555311",-0.736357585753575,NA,NA,NA,NA,NA,NA,NA,NA,NA,NA,NA,NA,NA,NA
"cg07575978",0.503694114161886,NA,NA,NA,NA,NA,NA,NA,NA,NA,NA,NA,NA,NA,NA
"cg18589741",-0.0138581299295474,NA,NA,NA,NA,NA,NA,NA,NA,NA,NA,NA,NA,NA,NA
"cg03829908",-0.47471718707281,NA,NA,NA,NA,NA,NA,NA,NA,NA,NA,NA,NA,NA,NA
"cg03880658",0.173132871171386,NA,NA,NA,NA,NA,NA,NA,NA,NA,NA,NA,NA,NA,NA
"cg19061675",0.0582382405991071,NA,NA,NA,NA,NA,NA,NA,NA,NA,NA,NA,NA,NA,NA
"cg19123351",0.54143629521129,NA,NA,NA,NA,NA,NA,NA,NA,NA,NA,NA,NA,NA,NA
"cg04633983",NA,NA,NA,NA,NA,NA,0.246854510502438,NA,NA,NA,NA,NA,NA,NA,NA
"cg15152195",0.125491036506601,NA,NA,NA,NA,NA,NA,NA,NA,NA,NA,NA,NA,NA,NA
"cg20152954",0.320756674381409,NA,NA,NA,NA,NA,NA,NA,NA,NA,NA,NA,NA,NA,NA
"cg08563010",-0.0379123575874503,NA,NA,NA,NA,NA,NA,NA,NA,NA,NA,NA,NA,NA,NA
"cg08628894",0.127079294552156,NA,NA,NA,NA,NA,NA,NA,NA,NA,NA,NA,NA,NA,NA
"cg12041561",-0.052035090836351,NA,NA,NA,NA,NA,NA,NA,NA,NA,NA,NA,NA,NA,NA
"cg05033071",-0.784888411185358,NA,NA,NA,NA,NA,NA,NA,NA,NA,NA,NA,NA,NA,NA
"cg11104864",NA,NA,NA,NA,NA,NA,-0.168094174954582,NA,NA,NA,NA,NA,NA,NA,NA
"cg08836912",0.0239135047464195,NA,NA,NA,NA,NA,NA,NA,NA,NA,NA,NA,NA,NA,NA
"cg15925255",0.444917607269544,NA,NA,NA,NA,NA,NA,NA,NA,NA,NA,NA,NA,NA,NA
"cg05462592",0.208720369101664,NA,NA,NA,NA,NA,NA,NA,NA,NA,NA,NA,NA,NA,NA
"cg16049333",0.0003717206133111,NA,NA,NA,NA,NA,NA,NA,NA,NA,NA,NA,NA,NA,NA
"cg12477370",-0.534474959432924,NA,NA,NA,NA,NA,NA,NA,NA,NA,NA,NA,NA,NA,NA
"cg12568485",-0.2105370465716,NA,NA,NA,NA,NA,NA,NA,NA,NA,NA,NA,NA,NA,NA
"cg05734031",-0.0401409028428527,NA,NA,NA,NA,NA,NA,NA,NA,NA,NA,NA,NA,NA,NA
"cg12633563",-0.00704130527241119,NA,NA,NA,NA,NA,NA,NA,NA,NA,NA,NA,NA,NA,NA
"cg05866252",-0.160193337273401,NA,NA,NA,NA,NA,NA,NA,NA,NA,NA,NA,NA,NA,NA
"cg17076630",-0.0216697635747833,NA,NA,NA,NA,NA,NA,NA,NA,NA,NA,NA,NA,NA,NA
"cg06238409",-0.835873267066749,NA,NA,NA,NA,NA,NA,NA,NA,NA,NA,NA,NA,NA,NA
"cg09606167",-0.00150472997475819,NA,NA,NA,NA,NA,NA,NA,NA,NA,NA,NA,NA,NA,NA
"cg06429021",-0.466931030905536,NA,NA,NA,NA,NA,NA,NA,NA,NA,NA,NA,NA,NA,NA
"cg17445756",-0.0549407961298656,NA,NA,NA,NA,NA,NA,NA,NA,NA,NA,NA,NA,NA,NA
"cg18407591",NA,NA,NA,NA,NA,NA,-0.0469771385059031,NA,NA,NA,NA,NA,NA,NA,NA
"cg06480468",-0.131774809723894,NA,NA,NA,NA,NA,NA,NA,NA,NA,NA,NA,NA,NA,NA
"cg21371457",0.0195425014901395,NA,NA,NA,NA,NA,NA,NA,NA,NA,NA,NA,NA,NA,NA
"cg06878603",-0.0119544350081033,NA,NA,NA,NA,NA,NA,NA,NA,NA,NA,NA,NA,NA,NA
"cg25356878",-0.0416946305622116,NA,NA,NA,NA,NA,NA,NA,NA,NA,NA,NA,NA,NA,NA
"cg13654195",-0.506601804969865,NA,NA,NA,NA,NA,NA,NA,NA,NA,NA,NA,NA,NA,NA
"cg18039160",-0.222817945151045,NA,NA,NA,NA,NA,NA,NA,NA,NA,NA,NA,NA,NA,NA
"cg07041869",NA,NA,0.0967503747959964,NA,NA,NA,NA,NA,NA,NA,NA,NA,NA,NA,NA
"cg07288292",0.208439198511481,NA,NA,NA,NA,NA,NA,NA,NA,NA,NA,NA,NA,NA,NA
"cg06132693",NA,NA,NA,0.00158292405022249,NA,NA,NA,NA,NA,NA,NA,NA,NA,NA,NA
"cg11265498",-0.0575658011877984,NA,NA,NA,NA,NA,NA,NA,NA,NA,NA,NA,NA,NA,NA
"cg11321459",-0.108308507917113,NA,NA,NA,NA,NA,NA,NA,NA,NA,NA,NA,NA,NA,NA
"cg14427009",0.00116736260743546,NA,NA,NA,NA,NA,NA,NA,NA,NA,NA,NA,NA,NA,NA
"cg07601141",0.0107615422344575,NA,NA,NA,NA,NA,NA,NA,NA,NA,NA,NA,NA,NA,NA
"cg11524316",0.0326743722602262,NA,NA,NA,NA,NA,NA,NA,NA,NA,NA,NA,NA,NA,NA
"cg14726968",0.149769509215724,NA,NA,NA,NA,NA,NA,NA,NA,NA,NA,NA,NA,NA,NA
"cg14914422",0.410901565641265,NA,NA,NA,NA,NA,NA,NA,NA,NA,NA,NA,NA,NA,NA
"cg22976699",0.0752615262715975,NA,NA,NA,NA,NA,NA,NA,NA,NA,NA,NA,NA,NA,NA
"cg08375848",-0.0578958497636411,NA,NA,NA,NA,NA,NA,NA,NA,NA,NA,NA,NA,NA,NA
"cg22804672",NA,NA,0.0647777402556773,NA,NA,NA,NA,NA,NA,NA,NA,NA,NA,NA,NA
"cg03957108",NA,0.0585453604595144,NA,NA,NA,NA,NA,NA,NA,NA,NA,NA,NA,NA,NA
"cg04317201",NA,1.70225166926368,NA,NA,NA,NA,NA,NA,NA,NA,NA,NA,NA,NA,NA
"cg12040522",-0.777472613302785,NA,NA,NA,NA,NA,NA,NA,NA,NA,NA,NA,NA,NA,NA
"cg09606114",NA,NA,-0.0763979461037069,NA,NA,NA,NA,NA,NA,NA,NA,NA,NA,NA,NA
"cg26053530",-0.106832299843142,NA,NA,NA,NA,NA,NA,NA,NA,NA,NA,NA,NA,NA,NA
"cg12073704",0.0469604963726877,NA,NA,NA,NA,NA,NA,NA,NA,NA,NA,NA,NA,NA,NA
"cg12269343",-0.206075211549278,NA,NA,NA,NA,NA,NA,NA,NA,NA,NA,NA,NA,NA,NA
"cg12382554",-0.00855709555993274,NA,NA,NA,NA,NA,NA,NA,NA,NA,NA,NA,NA,NA,NA
"cg09019215",0.0130628153414271,NA,NA,NA,NA,NA,NA,NA,NA,NA,NA,NA,NA,NA,NA
"cg24087686",-0.0658630143817532,NA,NA,NA,NA,NA,NA,NA,NA,NA,NA,NA,NA,NA,NA
"cg16366051",-0.0232904928760043,NA,NA,NA,NA,NA,NA,NA,NA,NA,NA,NA,NA,NA,NA
"cg16485615",-1.0851886354486,NA,NA,NA,NA,NA,NA,NA,NA,NA,NA,NA,NA,NA,NA
"cg27294582",NA,-0.310592697583688,NA,NA,NA,NA,NA,NA,NA,NA,NA,NA,NA,NA,NA
"cg16769003",-0.153049264697669,NA,NA,NA,NA,NA,NA,NA,NA,NA,NA,NA,NA,NA,NA
"cg14860886",NA,-0.668476738521522,NA,NA,NA,NA,NA,NA,NA,NA,NA,NA,NA,NA,NA
"cg26373518",NA,-0.0883828440675283,NA,NA,NA,NA,NA,NA,NA,NA,NA,NA,NA,NA,NA
"cg09421985",0.123545920015427,NA,NA,NA,NA,NA,NA,NA,NA,NA,NA,NA,NA,NA,NA
"cg24605853",-0.0153813243365817,NA,NA,NA,NA,NA,NA,NA,NA,NA,NA,NA,NA,NA,NA
"cg15298634",NA,-0.137179104742134,NA,NA,NA,NA,NA,NA,NA,NA,NA,NA,NA,NA,NA
"cg20786131",0.125138056995764,NA,NA,NA,NA,NA,NA,NA,NA,NA,NA,NA,NA,NA,NA
"cg00146676",NA,NA,NA,0.561551314531467,NA,NA,NA,NA,NA,NA,NA,NA,NA,NA,NA
"cg10319627",-0.22539633559635,NA,NA,NA,NA,NA,NA,NA,NA,NA,NA,NA,NA,NA,NA
"cg21176478",0.116088876869061,NA,NA,NA,NA,NA,NA,NA,NA,NA,NA,NA,NA,NA,NA
"cg01770127",NA,NA,NA,-1.39275605480106,NA,NA,NA,NA,NA,NA,NA,NA,NA,NA,NA
"cg21668567",-0.873477393021651,NA,NA,NA,NA,NA,NA,NA,NA,NA,NA,NA,NA,NA,NA
"cg18031008",1.31573865091113,NA,NA,NA,NA,NA,NA,NA,NA,NA,NA,NA,NA,NA,NA
"cg25297228",NA,NA,NA,0.208322799911701,NA,NA,NA,NA,NA,NA,NA,NA,NA,NA,NA
"cg18042159",-1.03885507403658,NA,NA,NA,NA,NA,NA,NA,NA,NA,NA,NA,NA,NA,NA
"cg13909487",0.0552502012267811,NA,NA,NA,NA,NA,NA,NA,NA,NA,NA,NA,NA,NA,NA
"cg11222788",0.066007045354982,NA,NA,NA,NA,NA,NA,NA,NA,NA,NA,NA,NA,NA,NA
"cg07536573",NA,NA,0.410173704993255,NA,NA,NA,NA,NA,NA,NA,NA,NA,NA,NA,NA
"cg02321338",NA,NA,-0.0235741164393964,NA,NA,NA,NA,NA,NA,NA,NA,NA,NA,NA,NA
"cg18522824",0.0506412139297682,NA,NA,NA,NA,NA,NA,NA,NA,NA,NA,NA,NA,NA,NA
"cg11464067",-0.331708398838082,NA,NA,NA,NA,NA,NA,NA,NA,NA,NA,NA,NA,NA,NA
"cg00493843",NA,NA,0.125115091007469,NA,NA,NA,NA,NA,NA,NA,NA,NA,NA,NA,NA
"cg18754842",0.193139040319683,NA,NA,NA,NA,NA,NA,NA,NA,NA,NA,NA,NA,NA,NA
"cg22892466",0.245517084832949,NA,NA,NA,NA,NA,NA,NA,NA,NA,NA,NA,NA,NA,NA
"cg01052352",NA,NA,0.0361956318993186,NA,NA,NA,NA,NA,NA,NA,NA,NA,NA,NA,NA
"cg15089111",0.0730107569518933,NA,NA,NA,NA,NA,NA,NA,NA,NA,NA,NA,NA,NA,NA
"cg03789886",NA,NA,0.0202454367784071,NA,NA,NA,NA,NA,NA,NA,NA,NA,NA,NA,NA
"cg11856897",-3.16024225747411,NA,NA,NA,NA,NA,NA,NA,NA,NA,NA,NA,NA,NA,NA
"cg01883716",NA,NA,0.0889104943941376,NA,NA,NA,NA,NA,NA,NA,NA,NA,NA,NA,NA
"cg15340018",0.117653849426696,NA,NA,NA,NA,NA,NA,NA,NA,NA,NA,NA,NA,NA,NA
"cg23384863",0.241633744300611,NA,NA,NA,NA,NA,NA,NA,NA,NA,NA,NA,NA,NA,NA
"cg12063651",0.057220273501134,NA,NA,NA,NA,NA,NA,NA,NA,NA,NA,NA,NA,NA,NA
"cg15691199",0.0302072524036995,NA,NA,NA,NA,NA,NA,NA,NA,NA,NA,NA,NA,NA,NA
"cg19706682",-0.083340598373224,NA,NA,NA,NA,NA,NA,NA,NA,NA,NA,NA,NA,NA,NA
"cg23795407",-0.0348906978968314,NA,NA,NA,NA,NA,NA,NA,NA,NA,NA,NA,NA,NA,NA
"cg18230281",NA,NA,0.0184015183386059,NA,NA,NA,NA,NA,NA,NA,NA,NA,NA,NA,NA
"cg07863286",NA,-0.0771453174459569,NA,NA,NA,NA,NA,NA,NA,NA,NA,NA,NA,NA,NA
"cg19936176",0.0710698681594065,NA,NA,NA,NA,NA,NA,NA,NA,NA,NA,NA,NA,NA,NA
"cg19949881",-0.101243477634444,NA,NA,NA,NA,NA,NA,NA,NA,NA,NA,NA,NA,NA,NA
"cg16691593",0.0404402251528321,NA,NA,NA,NA,NA,NA,NA,NA,NA,NA,NA,NA,NA,NA
"cg20149183",0.192077888865931,NA,NA,NA,NA,NA,NA,NA,NA,NA,NA,NA,NA,NA,NA
"cg12299440",NA,NA,0.0339913517443374,NA,NA,NA,NA,NA,NA,NA,NA,NA,NA,NA,NA
"cg04463613",NA,NA,0.783194658685137,NA,NA,NA,NA,NA,NA,NA,NA,NA,NA,NA,NA
"cg12875966",-0.126094657506038,NA,NA,NA,NA,NA,NA,NA,NA,NA,NA,NA,NA,NA,NA
"cg05247990",NA,NA,0.0449315574686997,NA,NA,NA,NA,NA,NA,NA,NA,NA,NA,NA,NA
"cg24830738",NA,NA,0.682194225345786,NA,NA,NA,NA,NA,NA,NA,NA,NA,NA,NA,NA
"cg12451099",NA,NA,0.136495653718123,NA,NA,NA,NA,NA,NA,NA,NA,NA,NA,NA,NA
"cg06321508",NA,NA,0.0266506334007468,NA,NA,NA,NA,NA,NA,NA,NA,NA,NA,NA,NA
"cg13366440",0.0552180480746668,NA,NA,NA,NA,NA,NA,NA,NA,NA,NA,NA,NA,NA,NA
"cg26679061",0.00968830759405022,NA,NA,NA,NA,NA,NA,NA,NA,NA,NA,NA,NA,NA,NA
"cg13163842",NA,NA,NA,0.109336562669843,NA,NA,NA,NA,NA,NA,NA,NA,NA,NA,NA
"cg25298864",0.157244439025928,NA,NA,NA,NA,NA,NA,NA,NA,NA,NA,NA,NA,NA,NA
"cg11716762",NA,NA,NA,NA,0.00240543686979367,0.815235596674451,0.734760183917478,NA,NA,NA,NA,NA,NA,NA,NA
"cg04028333",NA,NA,NA,NA,0.44800901005065,NA,NA,NA,NA,NA,NA,NA,NA,NA,NA
"cg04060219",NA,NA,NA,NA,0.526128288092303,NA,NA,NA,NA,NA,NA,NA,NA,NA,NA
"cg22206368",-1.53922229707063,NA,NA,NA,NA,NA,NA,NA,NA,NA,NA,NA,NA,NA,NA
"cg13931228",-0.261385454897767,NA,NA,NA,NA,NA,NA,NA,NA,NA,NA,NA,NA,NA,NA
"cg14242190",NA,NA,0.00562124741157902,NA,NA,NA,NA,NA,NA,NA,NA,NA,NA,NA,NA
"cg21777070",NA,NA,2.78273829672512,NA,NA,NA,NA,NA,NA,NA,NA,NA,NA,NA,NA
"cg27494383",-0.597439700272946,NA,NA,NA,NA,NA,NA,NA,NA,NA,NA,NA,NA,NA,NA
"cg18582260",-0.262007819342974,NA,NA,NA,NA,NA,NA,NA,NA,NA,NA,NA,NA,NA,NA
"cg00499875",NA,NA,NA,NA,NA,0.687186079202845,NA,NA,NA,NA,NA,NA,NA,NA,NA
"cg19818130",0.137270276448692,NA,NA,NA,NA,NA,NA,NA,NA,NA,NA,NA,NA,NA,NA
"cg03926377",NA,NA,NA,NA,NA,-0.00482953300798058,NA,NA,NA,NA,NA,NA,NA,NA,NA
"cg25430089",NA,NA,NA,NA,-0.161364911343869,NA,-0.125726232420379,NA,NA,NA,NA,NA,NA,NA,NA
"cg00484915",NA,NA,NA,NA,NA,NA,-0.0186083843656329,NA,NA,NA,NA,NA,NA,NA,NA
"cg05039548",NA,NA,NA,NA,NA,0.0075663040851747,NA,NA,NA,NA,NA,NA,NA,NA,NA
"cg15277914",-0.145363958171133,NA,NA,NA,NA,NA,NA,NA,NA,NA,NA,NA,NA,NA,NA
"cg06569016",NA,NA,NA,NA,NA,NA,0.56688148729264,NA,NA,NA,NA,NA,NA,NA,NA
"cg19517256",-0.0653210340018998,NA,NA,NA,NA,NA,NA,NA,NA,NA,NA,NA,NA,NA,NA
"cg24488281",-0.329613973580929,NA,NA,NA,NA,NA,NA,NA,NA,NA,NA,NA,NA,NA,NA
"cg15677754",0.419301391834039,NA,NA,NA,NA,NA,NA,NA,NA,NA,NA,NA,NA,NA,NA
"cg05791494",NA,-0.47390837954628,NA,NA,NA,NA,NA,NA,NA,NA,NA,NA,NA,NA,NA
"cg15584686",NA,0.0333500936321698,NA,NA,NA,NA,NA,NA,NA,NA,NA,NA,NA,NA,NA
"cg27573301",-0.000710822815086511,NA,NA,NA,NA,NA,NA,NA,NA,NA,NA,NA,NA,NA,NA
"cg12540262",NA,NA,NA,NA,NA,NA,-0.035730865983945,NA,NA,NA,NA,NA,NA,NA,NA
"cg13376897",NA,-0.108713375265997,NA,NA,NA,NA,NA,NA,NA,NA,NA,NA,NA,NA,NA
"cg24094229",-0.232547516361833,NA,NA,NA,NA,NA,NA,NA,NA,NA,NA,NA,NA,NA,NA
"cg08659076",NA,0.44079648491966,NA,NA,NA,NA,NA,NA,NA,NA,NA,NA,NA,NA,NA
"cg19973689",0.0707690241921677,NA,NA,NA,NA,NA,NA,NA,NA,NA,NA,NA,NA,NA,NA
"cg24393114",0.564460410914095,NA,NA,NA,NA,NA,NA,NA,NA,NA,NA,NA,NA,NA,NA
"cg22703759",NA,NA,NA,NA,NA,-0.0986844760988539,NA,NA,NA,NA,NA,NA,NA,NA,NA
"cg27188233",-0.0206169401750685,NA,NA,NA,NA,NA,NA,NA,NA,NA,NA,NA,NA,NA,NA
"cg17594003.1",NA,NA,NA,NA,NA,NA,-0.0931427389255545,NA,NA,NA,NA,NA,NA,NA,NA
"cg20991105",NA,NA,-0.020304666221582,NA,NA,NA,NA,NA,NA,NA,NA,NA,NA,NA,NA
"cg23981308",0.193806133921017,NA,NA,NA,NA,NA,NA,NA,NA,NA,NA,NA,NA,NA,NA
"cg26218110",-0.271089600558394,NA,NA,NA,NA,NA,NA,NA,NA,NA,NA,NA,NA,NA,NA
"cg22413161",-0.0661994957011094,NA,NA,NA,NA,NA,NA,NA,NA,NA,NA,NA,NA,NA,NA
"cg13486820",NA,NA,0.199693051134994,NA,NA,NA,NA,NA,NA,NA,NA,NA,NA,NA,NA
"cg22591675",-0.20739044696885,NA,NA,NA,NA,NA,NA,NA,NA,NA,NA,NA,NA,NA,NA
"cg02658193",NA,NA,NA,NA,0.334489656516103,NA,NA,NA,NA,NA,NA,NA,NA,NA,NA
"cg14009688",NA,-0.380449108022215,NA,NA,NA,NA,NA,NA,NA,NA,NA,NA,NA,NA,NA
"cg22244821",NA,NA,NA,NA,NA,NA,-0.243023630440734,NA,NA,NA,NA,NA,NA,NA,NA
"cg14055486",NA,-0.075714331530833,NA,NA,NA,NA,NA,NA,NA,NA,NA,NA,NA,NA,NA
"cg19369305",-0.202251509132341,NA,NA,NA,NA,NA,NA,NA,NA,NA,NA,NA,NA,NA,NA
"cg05268271",NA,NA,NA,NA,-0.00949816997813278,NA,NA,NA,NA,NA,NA,NA,NA,NA,NA
"cg18211931",-0.123943544010184,NA,NA,NA,NA,NA,NA,NA,NA,NA,NA,NA,NA,NA,NA
"cg00200794",NA,NA,0.219483785612735,NA,NA,NA,NA,NA,NA,NA,NA,NA,NA,NA,NA
"cg19683875",-0.210499558285617,NA,NA,NA,NA,NA,NA,NA,NA,NA,NA,NA,NA,NA,NA
"cg25742767",NA,0.712719176534054,NA,NA,NA,NA,NA,NA,NA,NA,NA,NA,NA,NA,NA
"cg08029175",NA,NA,NA,0.614705740372096,NA,NA,NA,NA,NA,NA,NA,NA,NA,NA,NA
"cg14666740",NA,NA,0.154159658323408,NA,NA,NA,NA,NA,NA,NA,NA,NA,NA,NA,NA
"cg15170039",NA,NA,-0.0213462931767417,NA,NA,NA,NA,NA,NA,NA,NA,NA,NA,NA,NA
"cg15182846",NA,NA,-0.302233196780872,NA,NA,NA,NA,NA,NA,NA,NA,NA,NA,NA,NA
"cg26937431",-0.0748217451958216,NA,NA,NA,NA,NA,NA,NA,NA,NA,NA,NA,NA,NA,NA
"cg04728121",NA,NA,NA,NA,NA,-7.7488481401933,NA,NA,NA,NA,NA,NA,NA,NA,NA
"cg03653137",NA,NA,-0.481991042729096,NA,NA,NA,NA,NA,NA,NA,NA,NA,NA,NA,NA
"cg05204259",NA,NA,NA,NA,NA,-0.323658407867972,NA,NA,NA,NA,NA,NA,NA,NA,NA
"cg05228254",NA,NA,NA,NA,NA,-0.198723987286018,NA,NA,NA,NA,NA,NA,NA,NA,NA
"cg24397541",NA,NA,0.0341978563306071,NA,NA,NA,NA,NA,NA,NA,NA,NA,NA,NA,NA
"cg02225529",NA,NA,-0.852005568764402,NA,NA,NA,NA,NA,NA,NA,NA,NA,NA,NA,NA
"cg25699407",NA,NA,NA,NA,0.744605004091173,NA,NA,NA,NA,NA,NA,NA,NA,NA,NA
"cg27589485",NA,NA,NA,NA,NA,0.430155973048778,NA,NA,NA,NA,NA,NA,NA,NA,NA
"cg10142452",NA,NA,-0.490981285447628,NA,NA,NA,NA,NA,NA,NA,NA,NA,NA,NA,NA
"cg17941015",NA,NA,0.0416566582056501,NA,NA,NA,NA,NA,NA,NA,NA,NA,NA,NA,NA
"cg21154081",-0.0222890662667397,NA,NA,NA,NA,NA,NA,NA,NA,NA,NA,NA,NA,NA,NA
"cg13279679",NA,-0.315310754853776,NA,NA,NA,NA,NA,NA,NA,NA,NA,NA,NA,NA,NA
"cg00700237",NA,NA,NA,0.0452820849291061,NA,NA,NA,NA,NA,NA,NA,NA,NA,NA,NA
"cg03158789",NA,0.139387322122668,NA,NA,NA,NA,NA,NA,NA,NA,NA,NA,NA,NA,NA
"cg14978459",NA,0.228788669160029,NA,NA,NA,NA,NA,NA,NA,NA,NA,NA,NA,NA,NA
"cg19908097",NA,NA,NA,NA,NA,-0.745382776273086,NA,NA,NA,NA,NA,NA,NA,NA,NA
"cg23743304",NA,NA,NA,NA,2.40283065610243,NA,NA,NA,NA,NA,NA,NA,NA,NA,NA
"cg23037560",NA,NA,NA,NA,NA,-1.03243809660645,NA,NA,NA,NA,NA,NA,NA,NA,NA
"cg24341129",NA,NA,NA,NA,NA,-0.423796470205434,NA,NA,NA,NA,NA,NA,NA,NA,NA
"cg23415880",NA,0.769501426533258,NA,NA,NA,NA,NA,NA,NA,NA,NA,NA,NA,NA,NA
"cg24924928",NA,NA,0.151423645201131,NA,NA,NA,NA,NA,NA,NA,NA,NA,NA,NA,NA
"cg13058338",NA,NA,NA,0.0702431113448374,0.347189631683817,NA,NA,NA,NA,NA,NA,NA,NA,NA,NA
"cg27544190",-0.340737371927403,NA,NA,NA,NA,NA,NA,NA,NA,NA,NA,NA,NA,NA,NA
"cg22548438",NA,NA,NA,0.109117673062249,1.40702788378861,NA,NA,NA,NA,NA,NA,NA,NA,NA,NA
"cg26844246",NA,0.0314941189162437,NA,NA,NA,NA,NA,NA,NA,NA,NA,NA,NA,NA,NA
"cg25845698",NA,NA,0.0355003279839854,NA,NA,NA,NA,NA,NA,NA,NA,NA,NA,NA,NA
"cg09793883",NA,NA,NA,0.0563708986354668,NA,NA,NA,NA,NA,NA,NA,NA,NA,NA,NA
"cg18346531",NA,-0.0672551211367759,NA,NA,NA,NA,NA,NA,NA,NA,NA,NA,NA,NA,NA
"cg09128822",NA,NA,-0.000462495391370224,NA,NA,NA,NA,NA,NA,NA,NA,NA,NA,NA,NA
"cg15242494",NA,NA,NA,0.0691281907457658,NA,NA,NA,NA,NA,NA,NA,NA,NA,NA,NA
"cg21289680",NA,NA,-0.187998032486795,NA,NA,NA,NA,NA,NA,NA,NA,NA,NA,NA,NA
"cg07322285",NA,NA,0.236387281140821,NA,NA,NA,NA,NA,NA,NA,NA,NA,NA,NA,NA
"cg03537184",NA,NA,NA,NA,NA,-1.40847687539277,-0.825425715659653,NA,NA,NA,NA,NA,NA,NA,NA
"cg19817366",NA,NA,NA,0.103165199132052,NA,NA,NA,NA,NA,NA,NA,NA,NA,NA,NA
"cg16512330",NA,NA,NA,NA,1.12291302818659,NA,NA,NA,NA,NA,NA,NA,NA,NA,NA
"cg15248423",NA,NA,-0.0847135025693673,NA,NA,NA,NA,NA,NA,NA,NA,NA,NA,NA,NA
"cg22988741",NA,NA,0.234419993664264,NA,NA,NA,NA,NA,NA,NA,NA,NA,NA,NA,NA
"cg12653312",NA,NA,-0.12039593047464,NA,NA,NA,NA,NA,NA,NA,NA,NA,NA,NA,NA
"cg17224602",NA,NA,0.424698095448028,NA,NA,NA,NA,NA,NA,NA,NA,NA,NA,NA,NA
"cg18299835",NA,NA,-0.86329415547253,NA,NA,NA,NA,NA,NA,NA,NA,NA,NA,NA,NA
"cg19520772",NA,NA,0.033245085056548,NA,NA,NA,NA,NA,NA,NA,NA,NA,NA,NA,NA
"cg12302541",NA,NA,NA,NA,0.700078629723703,NA,NA,NA,NA,NA,NA,NA,NA,NA,NA
"cg23177112",NA,NA,NA,NA,0.0380542656569083,NA,NA,NA,NA,NA,NA,NA,NA,NA,NA
"cg09312171",NA,NA,0.130886485210898,NA,NA,NA,NA,NA,NA,NA,NA,NA,NA,NA,NA
"cg25636884",NA,NA,NA,NA,0.0676824706606673,NA,NA,NA,NA,NA,NA,NA,NA,NA,NA
"cg25653223",NA,NA,NA,NA,3.09488522962578,NA,NA,NA,NA,NA,NA,NA,NA,NA,NA
"cg19437021",NA,NA,NA,NA,0.131512207619046,NA,NA,NA,NA,NA,NA,NA,NA,NA,NA
"cg19420902",NA,NA,0.165623834692512,NA,NA,NA,NA,NA,NA,NA,NA,NA,NA,NA,NA
"cg17919530",NA,NA,NA,NA,NA,NA,-0.477502335550824,NA,NA,NA,NA,NA,NA,NA,NA
"cg24896496",NA,NA,0.11693221973457,NA,NA,NA,NA,NA,NA,NA,NA,NA,NA,NA,NA
"cg22689233",NA,NA,NA,NA,0.059284894217821,NA,NA,NA,NA,NA,NA,NA,NA,NA,NA
"cg20277230",NA,NA,0.0830233815677874,NA,NA,NA,NA,NA,NA,NA,NA,NA,NA,NA,NA
"cg21344068",NA,NA,NA,-0.920294968760888,NA,NA,NA,NA,NA,NA,NA,NA,NA,NA,NA
"cg17292423",NA,NA,NA,-0.13253796257919,NA,NA,NA,NA,NA,NA,NA,NA,NA,NA,NA
"cg13892986",NA,NA,-1.37303506560026,NA,NA,NA,NA,NA,NA,NA,NA,NA,NA,NA,NA
"cg11908885",NA,NA,0.879666656244581,NA,NA,NA,NA,NA,NA,NA,NA,NA,NA,NA,NA
"cg18897599",NA,NA,NA,-0.0309724018149815,NA,NA,NA,NA,NA,NA,NA,NA,NA,NA,NA
"cg25528426",NA,NA,NA,-0.112417193317158,NA,NA,NA,NA,NA,NA,NA,NA,NA,NA,NA
"cg26607569",NA,NA,-0.00998367536046932,NA,NA,NA,NA,NA,NA,NA,NA,NA,NA,NA,NA
"cg27147137",NA,NA,-0.171701998165349,NA,NA,NA,NA,NA,NA,NA,NA,NA,NA,NA,NA
"cg24615697",NA,NA,-0.0365348272868631,NA,NA,NA,NA,NA,NA,NA,NA,NA,NA,NA,NA
"cg14899396",NA,NA,NA,-0.428026616951368,NA,NA,NA,NA,NA,NA,NA,NA,NA,NA,NA
"cg21366602",NA,NA,NA,-0.0946133336736746,NA,NA,NA,NA,NA,NA,NA,NA,NA,NA,NA
"cg00077617",NA,NA,NA,0.0746559044707211,NA,NA,NA,NA,NA,NA,NA,NA,NA,NA,NA
"cg21539542",NA,NA,-0.139986128850035,NA,NA,NA,NA,NA,NA,NA,NA,NA,NA,NA,NA
"cg21361327",NA,NA,0.141824502754589,NA,NA,NA,NA,NA,NA,NA,NA,NA,NA,NA,NA
"cg18808994",NA,NA,NA,0.0355382096457847,NA,NA,NA,NA,NA,NA,NA,NA,NA,NA,NA
"cg20699548",NA,NA,NA,NA,NA,NA,-0.218877616067599,NA,NA,NA,NA,NA,NA,NA,NA
"cg22457995",NA,NA,NA,-0.144670018265681,NA,NA,NA,NA,NA,NA,NA,NA,NA,NA,NA
"cg02783173",NA,NA,NA,0.000745187913461183,NA,NA,NA,NA,NA,NA,NA,NA,NA,NA,NA
"cg19965683",NA,NA,NA,-0.0357283830063722,NA,NA,NA,NA,NA,NA,NA,NA,NA,NA,NA
"cg17599620",NA,NA,NA,-0.42398322987081,NA,-0.27830862339649,-1.21082434688569,NA,NA,NA,NA,NA,NA,NA,NA
"cg04407762",NA,NA,NA,0.390477448348137,NA,NA,NA,NA,NA,NA,NA,NA,NA,NA,NA
"cg06554892",NA,NA,NA,NA,1.47893955480866,NA,NA,NA,NA,NA,NA,NA,NA,NA,NA
"cg06778417",NA,NA,NA,-0.133520302450799,NA,NA,NA,NA,NA,NA,NA,NA,NA,NA,NA
"cg10749945",NA,NA,NA,NA,NA,NA,0.000281334196544902,NA,NA,NA,NA,NA,NA,NA,NA
"cg08486684",NA,NA,NA,NA,0.151272074340424,NA,NA,NA,NA,NA,NA,NA,NA,NA,NA
"cg09058243",NA,NA,NA,NA,0.327786826177855,NA,NA,NA,NA,NA,NA,NA,NA,NA,NA
"cg11723266",NA,NA,NA,NA,-0.0907331878592372,NA,-0.41572280629701,NA,NA,NA,NA,NA,NA,NA,NA
"cg10102347",NA,NA,NA,NA,0.082156366562995,NA,NA,NA,NA,NA,NA,NA,NA,NA,NA
"cg04588674",NA,NA,NA,NA,NA,-0.142639549289238,NA,NA,NA,NA,NA,NA,NA,NA,NA
"cg18120675",NA,NA,NA,NA,NA,0.0548489940807194,NA,NA,NA,NA,NA,NA,NA,NA,NA
"cg11276938",NA,NA,NA,0.0104546817257094,NA,NA,NA,NA,NA,NA,NA,NA,NA,NA,NA
"cg05584808",NA,NA,NA,NA,NA,NA,0.75323365883457,NA,NA,NA,NA,NA,NA,NA,NA
"cg13035237",NA,NA,NA,NA,0.797109805584453,NA,NA,NA,NA,NA,NA,NA,NA,NA,NA
"cg06750335",NA,NA,NA,NA,NA,NA,-0.138614198382967,NA,NA,NA,NA,NA,NA,NA,NA
"cg09296085",NA,NA,NA,NA,NA,NA,-0.0386572998357576,NA,NA,NA,NA,NA,NA,NA,NA
"cg10504143",NA,NA,NA,NA,NA,NA,1.41407907984162,NA,NA,NA,NA,NA,NA,NA,NA
"cg26507427",NA,NA,NA,NA,0.00626738894380551,NA,NA,NA,NA,NA,NA,NA,NA,NA,NA
"cg10525355",NA,NA,NA,NA,NA,-0.382134837118181,NA,NA,NA,NA,NA,NA,NA,NA,NA
"cg12406539",NA,NA,NA,NA,NA,NA,-0.0713198589252516,NA,NA,NA,NA,NA,NA,NA,NA
"cg11589094",NA,NA,NA,NA,NA,0.248742972148884,NA,NA,NA,NA,NA,NA,NA,NA,NA
"cg14882356",NA,NA,NA,NA,NA,-0.452336208733549,NA,NA,NA,NA,NA,NA,NA,NA,NA
"cg17205583",NA,NA,NA,-0.130315318616766,NA,NA,NA,NA,NA,NA,NA,NA,NA,NA,NA
"cg02865068",NA,NA,NA,NA,0.604133596665753,NA,NA,NA,NA,NA,NA,NA,NA,NA,NA
"cg14182735",NA,NA,NA,NA,NA,NA,-0.166947162530541,NA,NA,NA,NA,NA,NA,NA,NA
"cg15405572",NA,NA,NA,NA,NA,NA,-0.0151776766183877,NA,NA,NA,NA,NA,NA,NA,NA
"cg03679521",NA,NA,NA,0.354217208566865,NA,NA,NA,NA,NA,NA,NA,NA,NA,NA,NA
"cg15675612",NA,NA,NA,NA,NA,NA,-0.137644422395031,NA,NA,NA,NA,NA,NA,NA,NA
"cg20142163",NA,NA,NA,0.0549214047583043,NA,NA,NA,NA,NA,NA,NA,NA,NA,NA,NA
"cg25280906",NA,NA,NA,NA,NA,-0.330561092182463,NA,NA,NA,NA,NA,NA,NA,NA,NA
"cg25875397",NA,NA,NA,-0.0142645007894525,NA,NA,NA,NA,NA,NA,NA,NA,NA,NA,NA
"cg18278920",NA,NA,NA,NA,NA,NA,1.01490263945558,NA,NA,NA,NA,NA,NA,NA,NA
"cg17514200",NA,NA,NA,NA,0.158774603930293,NA,NA,NA,NA,NA,NA,NA,NA,NA,NA
"cg02644056",NA,NA,NA,0.103225063982839,NA,NA,NA,NA,NA,NA,NA,NA,NA,NA,NA
"cg18659931",NA,NA,NA,NA,NA,NA,-0.480161743417965,NA,NA,NA,NA,NA,NA,NA,NA
"cg16039461",NA,NA,NA,-0.0848092252020582,NA,NA,NA,NA,NA,NA,NA,NA,NA,NA,NA
"cg10414253",NA,NA,NA,NA,-0.293894392366393,NA,NA,NA,NA,NA,NA,NA,NA,NA,NA
"cg03991594",NA,NA,NA,NA,-0.598312293382357,NA,NA,NA,NA,NA,NA,NA,NA,NA,NA
"cg25117614",NA,NA,NA,-0.395715428423554,NA,NA,NA,NA,NA,NA,NA,NA,NA,NA,NA
"cg18543660",NA,NA,NA,0.183235449958806,NA,NA,NA,NA,NA,NA,NA,NA,NA,NA,NA
"cg04293746",NA,NA,NA,0.0737378123194306,NA,NA,NA,NA,NA,NA,NA,NA,NA,NA,NA
"cg25657841",NA,NA,NA,0.215765119826526,NA,NA,NA,NA,NA,NA,NA,NA,NA,NA,NA
"cg14020187",NA,NA,NA,0.163584742005956,NA,NA,NA,NA,NA,NA,NA,NA,NA,NA,NA
"cg09825961",NA,NA,NA,NA,NA,-0.0870089171776828,NA,NA,NA,NA,NA,NA,NA,NA,NA
"cg10462756",NA,NA,NA,NA,NA,0.0781119630006875,NA,NA,NA,NA,NA,NA,NA,NA,NA
"cg00059486",NA,NA,NA,0.100910257405198,NA,NA,NA,NA,NA,NA,NA,NA,NA,NA,NA
"cg08828602",NA,NA,NA,-1.99212806256065,NA,NA,NA,NA,NA,NA,NA,NA,NA,NA,NA
"cg02574073",NA,NA,NA,NA,NA,-0.160872200185721,NA,NA,NA,NA,NA,NA,NA,NA,NA
"cg20152168",NA,NA,NA,NA,-0.622074128300792,NA,NA,NA,NA,NA,NA,NA,NA,NA,NA
"cg00621654",NA,NA,NA,-0.174184246812297,NA,NA,NA,NA,NA,NA,NA,NA,NA,NA,NA
"cg22262099",NA,NA,NA,NA,0.223547907410039,NA,NA,NA,NA,NA,NA,NA,NA,NA,NA
"cg19828220",NA,NA,NA,NA,NA,-0.271300594597558,NA,NA,NA,NA,NA,NA,NA,NA,NA
"cg19670346",NA,NA,NA,0.550509854233844,NA,NA,NA,NA,NA,NA,NA,NA,NA,NA,NA
"cg15682828",NA,NA,NA,NA,1.7815263463541,NA,NA,NA,NA,NA,NA,NA,NA,NA,NA
"cg06047944",NA,NA,NA,NA,NA,0.000122783553120762,NA,NA,NA,NA,NA,NA,NA,NA,NA
"cg15680017",NA,NA,NA,NA,-0.0710322457870348,NA,NA,NA,NA,NA,NA,NA,NA,NA,NA
"cg25709478",NA,NA,NA,-0.0655297252864719,NA,NA,NA,NA,NA,NA,NA,NA,NA,NA,NA
"cg01112551",NA,NA,NA,NA,-0.0115825592410465,NA,NA,NA,NA,NA,NA,NA,NA,NA,NA
"cg19983638",NA,NA,NA,0.069197372244863,NA,NA,NA,NA,NA,NA,NA,NA,NA,NA,NA
"cg10816626",NA,NA,NA,NA,NA,0.0489533487800538,NA,NA,NA,NA,NA,NA,NA,NA,NA
"cg18093372",NA,NA,NA,NA,0.0849788772823693,NA,NA,NA,NA,NA,NA,NA,NA,NA,NA
"cg15131523",NA,NA,NA,0.490138755490295,NA,NA,NA,NA,NA,NA,NA,NA,NA,NA,NA
"cg09317554",NA,NA,NA,0.11283141954671,NA,NA,NA,NA,NA,NA,NA,NA,NA,NA,NA
"cg14252141",NA,NA,NA,0.471320976216176,NA,NA,NA,NA,NA,NA,NA,NA,NA,NA,NA
"cg15046169",NA,NA,NA,-0.504213861689287,NA,NA,NA,NA,NA,NA,NA,NA,NA,NA,NA
"cg11199141",NA,NA,NA,0.131871003015907,NA,NA,NA,NA,NA,NA,NA,NA,NA,NA,NA
"cg20162381",NA,NA,NA,0.163550200661325,NA,NA,NA,NA,NA,NA,NA,NA,NA,NA,NA
"cg10520899",NA,NA,NA,-0.113115266623391,NA,NA,NA,NA,NA,NA,NA,NA,NA,NA,NA
"cg09750164",NA,NA,NA,NA,0.117555058023993,NA,NA,NA,NA,NA,NA,NA,NA,NA,NA
"cg26535952",NA,NA,NA,NA,NA,NA,NA,NA,NA,NA,NA,NA,NA,NA,-0.661993224305861
"cg25609082",NA,NA,NA,NA,NA,NA,NA,NA,NA,NA,NA,NA,-0.106885292521408,NA,NA
"cg04196926",NA,NA,NA,NA,NA,NA,NA,NA,NA,NA,-0.223764461225146,NA,-0.523831483074323,NA,NA
"cg08120263",NA,NA,NA,NA,NA,NA,NA,NA,NA,NA,NA,NA,NA,0.36751327054324,1.56979715454039
"cg15976167",NA,NA,NA,NA,NA,NA,NA,NA,NA,NA,NA,NA,NA,-0.0537783354025294,-0.174986024230828
"cg16947316",NA,NA,NA,NA,NA,NA,NA,NA,NA,NA,NA,NA,NA,-0.0226913587563814,-0.32251399328932
"cg12046720",NA,NA,NA,NA,NA,NA,NA,NA,NA,-0.116271293619541,NA,-0.1379974442996,NA,NA,NA
"cg06397491",NA,NA,NA,NA,NA,NA,NA,-0.0513917882015319,NA,NA,NA,NA,NA,-0.330121173629357,NA
"cg17856858",NA,NA,NA,NA,NA,NA,NA,NA,NA,-0.265363941307548,NA,NA,-0.977063097658019,NA,-0.255354544768799
"cg01831882",NA,NA,NA,NA,NA,NA,NA,NA,NA,NA,NA,NA,NA,5.74794656577647,NA
"cg01893274",NA,NA,NA,NA,NA,NA,NA,NA,NA,NA,NA,NA,-0.439485763302828,NA,-0.175244270998276
"cg03225697",NA,NA,NA,NA,NA,NA,NA,NA,NA,NA,NA,NA,-0.0118950114522359,NA,-0.697861623519929
"cg05148385",NA,NA,NA,NA,NA,NA,NA,NA,NA,NA,NA,NA,-0.374542910379126,NA,-0.186049788842868
"cg20416421",NA,NA,NA,NA,NA,NA,NA,NA,NA,NA,NA,NA,-0.599386857585773,NA,-0.0330974911401034
"cg04124389",NA,NA,NA,NA,NA,NA,NA,NA,NA,NA,NA,NA,NA,1.08066902039652,NA
"cg06153489",NA,NA,NA,NA,NA,NA,NA,NA,NA,NA,NA,NA,NA,-0.260708823378012,NA
"cg00200899",NA,NA,NA,NA,NA,NA,NA,NA,NA,NA,NA,NA,NA,NA,1.75118971008699
"cg01990759",NA,NA,NA,NA,NA,NA,NA,NA,NA,NA,NA,NA,NA,NA,-1.53467673246886
"cg05111574",NA,NA,NA,NA,NA,NA,NA,NA,NA,NA,NA,NA,NA,NA,-0.25296221130847
"cg08333796",NA,NA,NA,NA,NA,NA,NA,NA,NA,NA,NA,NA,NA,6.84886252394277,NA
"cg08125125",NA,NA,NA,NA,NA,NA,NA,NA,NA,NA,NA,NA,NA,NA,-0.294258042395025
"cg09817427",NA,NA,NA,NA,NA,NA,NA,NA,NA,NA,NA,NA,NA,NA,1.46312252636524
"cg10620475",NA,NA,NA,NA,NA,NA,NA,NA,NA,NA,NA,NA,NA,NA,-0.216062447742361
"cg10763467",NA,NA,NA,NA,NA,NA,NA,NA,NA,NA,NA,NA,NA,NA,0.771639782819186
"cg10876801",NA,NA,NA,NA,NA,NA,NA,NA,NA,NA,NA,NA,NA,NA,-0.0355943212725261
"cg12956396",NA,NA,NA,NA,NA,NA,NA,NA,NA,NA,NA,NA,NA,0.0299611150621559,NA
"cg12981876",NA,NA,NA,NA,NA,NA,NA,NA,NA,NA,NA,NA,NA,-1.24906517380167,NA
"cg14411456",NA,NA,NA,NA,NA,NA,NA,NA,NA,NA,NA,NA,NA,NA,-0.218298740354679
"cg15661483",NA,NA,NA,NA,NA,NA,NA,NA,NA,NA,NA,NA,NA,NA,-0.26680938568708
"cg17829420",NA,NA,NA,NA,NA,NA,NA,NA,NA,NA,NA,NA,NA,NA,-0.689209223552177
"cg17983750",NA,NA,NA,NA,NA,NA,NA,NA,NA,NA,NA,NA,NA,NA,-0.122092607493286
"cg18352564",NA,NA,NA,NA,NA,NA,NA,NA,NA,NA,NA,NA,NA,NA,0.966513687369795
"cg17915458",NA,NA,NA,NA,NA,NA,NA,NA,NA,NA,NA,NA,NA,-0.0456779306569485,NA
"cg19565468",NA,NA,NA,NA,NA,NA,NA,NA,NA,NA,NA,NA,NA,NA,0.441126394423845
"cg20315976",NA,NA,NA,NA,NA,NA,NA,NA,NA,NA,NA,NA,NA,NA,-0.84357939504296
"cg21477760",NA,NA,NA,NA,NA,NA,NA,NA,NA,NA,NA,NA,NA,NA,-0.179440293587322
"cg21628661",NA,NA,NA,NA,NA,NA,NA,NA,NA,NA,NA,NA,NA,NA,-0.217067456350343
"cg24216971",NA,NA,NA,NA,NA,NA,NA,NA,NA,NA,NA,NA,NA,-0.219611325161523,NA
"cg23449696",NA,NA,NA,NA,NA,NA,NA,NA,NA,NA,NA,NA,NA,NA,0.331498264788528
"cg23683971",NA,NA,NA,NA,NA,NA,NA,NA,NA,NA,NA,NA,NA,NA,0.0260108302896474
"cg24615318",NA,NA,NA,NA,NA,NA,NA,NA,NA,NA,NA,NA,-0.0178170765164209,NA,NA
"cg20138700",NA,NA,NA,NA,NA,NA,NA,NA,NA,NA,NA,0.506026678974617,NA,NA,NA
"cg21401000",NA,NA,NA,NA,NA,NA,NA,NA,NA,NA,NA,1.24110101915831,NA,NA,NA
"cg18814344",NA,NA,NA,NA,NA,NA,NA,-0.513038709262169,NA,NA,NA,-0.229087593336258,NA,-0.369572204274771,NA
"cg21392555",NA,NA,NA,NA,NA,NA,NA,NA,NA,NA,-0.341532449362925,NA,-0.608178253183873,NA,NA
"cg09753325",NA,NA,NA,NA,NA,NA,NA,NA,NA,NA,-0.0136616898502572,NA,NA,-0.402491880252158,NA
"cg17329011",NA,NA,NA,NA,NA,NA,NA,NA,NA,NA,-0.00156906768915883,NA,NA,NA,NA
"cg23778391",NA,NA,NA,NA,NA,NA,NA,NA,NA,-0.539768775221502,NA,NA,-0.089942995327562,NA,NA
"cg00422680",NA,NA,NA,NA,NA,NA,NA,NA,NA,NA,NA,NA,NA,-0.656430883008573,NA
"cg03836368",NA,NA,NA,NA,NA,NA,NA,-0.422181656716403,NA,NA,NA,NA,-0.308172148107109,NA,NA
"cg02082650",NA,NA,NA,NA,NA,NA,NA,NA,NA,NA,NA,NA,NA,-0.0787463978464884,NA
"cg02334175",NA,NA,NA,NA,NA,NA,NA,NA,NA,NA,NA,NA,NA,-0.125834885931248,NA
"cg02424832",NA,NA,NA,NA,NA,NA,NA,NA,NA,NA,NA,NA,NA,0.0263833685230872,NA
"cg04248528",NA,NA,NA,NA,NA,NA,NA,NA,NA,NA,NA,-0.40182891420608,NA,NA,NA
"cg03437435",NA,NA,NA,NA,NA,NA,NA,NA,NA,NA,NA,NA,-0.095110640729123,NA,NA
"cg04446004",NA,NA,NA,NA,NA,NA,NA,NA,NA,NA,NA,NA,1.84628983572231,NA,NA
"cg06333141",NA,NA,NA,NA,NA,NA,NA,NA,NA,NA,NA,NA,NA,0.149613572445682,NA
"cg00141625",NA,NA,NA,NA,NA,NA,NA,NA,NA,NA,-0.091561132940961,NA,NA,NA,NA
"cg08315393",NA,NA,NA,NA,NA,NA,NA,NA,NA,NA,NA,NA,NA,-0.0215977958912401,NA
"cg06960698",NA,NA,NA,NA,NA,NA,NA,NA,NA,NA,NA,NA,0.00418917955609677,NA,NA
"cg07356745.1",NA,NA,NA,NA,NA,NA,NA,NA,NA,NA,NA,NA,-0.263258552406705,NA,NA
"cg09646359",NA,NA,NA,NA,NA,NA,NA,NA,NA,NA,NA,NA,NA,0.199155446093068,NA
"cg10289720",NA,NA,NA,NA,NA,NA,NA,NA,NA,NA,NA,NA,NA,2.47276081129436,NA
"cg10561550",NA,NA,NA,NA,NA,NA,NA,NA,NA,NA,NA,NA,NA,-1.05023511152721,NA
"cg09497746",NA,NA,NA,NA,NA,NA,NA,NA,NA,NA,NA,NA,0.0802015840054189,NA,NA
"cg12469785",NA,NA,NA,NA,NA,NA,NA,NA,NA,NA,NA,NA,-0.474671810780963,NA,NA
"cg12513264",NA,NA,NA,NA,NA,NA,NA,NA,NA,NA,NA,NA,-0.0229517264225746,NA,NA
"cg13189689",NA,NA,NA,NA,NA,NA,NA,NA,NA,NA,NA,NA,NA,1.70171447212819,NA
"cg13698738",NA,NA,NA,NA,NA,NA,NA,NA,NA,NA,NA,NA,NA,-0.194082403909554,NA
"cg16774566",NA,NA,NA,NA,NA,NA,NA,NA,NA,NA,NA,NA,NA,0.629497474479057,NA
"cg17257156",NA,NA,NA,NA,NA,NA,NA,NA,NA,NA,NA,NA,NA,1.87703630750725,NA
"cg17263916",NA,NA,NA,NA,NA,NA,NA,NA,NA,NA,NA,NA,NA,1.27675333519313,NA
"cg18972841",NA,NA,NA,NA,NA,NA,NA,NA,NA,NA,NA,NA,-0.162184608590466,NA,NA
"cg20654074",NA,NA,NA,NA,NA,NA,NA,NA,NA,NA,NA,NA,NA,-0.279904758487421,NA
"cg21664672",NA,NA,NA,NA,NA,NA,NA,NA,NA,NA,NA,NA,NA,-0.185904452107009,NA
"cg21898068",NA,NA,NA,NA,NA,NA,NA,NA,NA,NA,NA,NA,NA,-0.0381313877647567,NA
"cg22712872",NA,NA,NA,NA,NA,NA,NA,NA,NA,NA,NA,NA,NA,-0.775418203725449,NA
"cg21454760",NA,NA,NA,NA,NA,NA,NA,NA,NA,NA,NA,NA,-0.205945276085639,NA,NA
"cg25636721",NA,NA,NA,NA,NA,NA,NA,NA,NA,NA,NA,NA,NA,-0.434216136411018,NA
"cg23940242",NA,NA,NA,NA,NA,NA,NA,NA,NA,NA,NA,NA,-0.154502570668001,NA,NA
"cg19044063",NA,NA,NA,NA,NA,NA,NA,NA,NA,NA,NA,-0.562972287065075,NA,NA,NA
"cg13627994",NA,NA,NA,NA,NA,NA,NA,NA,NA,NA,-0.087463399663293,NA,NA,NA,NA
"cg13834844",NA,NA,NA,NA,NA,NA,NA,NA,NA,NA,10.1909377035033,NA,NA,NA,NA
"cg13349948",NA,NA,NA,NA,NA,NA,NA,NA,NA,NA,-0.11574134043552,NA,-0.183719867397157,NA,NA
"cg21822721",NA,NA,NA,NA,NA,NA,NA,NA,NA,NA,NA,-0.369349531549287,NA,NA,NA
"cg09461098",NA,NA,NA,NA,NA,NA,NA,NA,-0.481753654250237,-0.236235000197292,NA,NA,-0.010516344952852,NA,NA
"cg07440855",NA,NA,NA,NA,NA,NA,NA,NA,NA,0.135987683843029,NA,NA,NA,NA,NA
"cg21420547",NA,NA,NA,NA,NA,NA,NA,NA,NA,0.075523088486213,NA,0.136552401420968,NA,NA,NA
"cg16744571",NA,NA,NA,NA,NA,NA,NA,NA,-0.263529885379481,NA,NA,NA,-0.076220300796719,NA,NA
"cg20345626",NA,NA,NA,NA,NA,NA,NA,NA,NA,NA,-0.000682931781415689,NA,NA,NA,NA
"cg22411776",NA,NA,NA,NA,NA,NA,NA,-0.345712093487117,NA,NA,NA,NA,-0.324617363209257,NA,NA
"cg25140691",NA,NA,NA,NA,NA,NA,NA,0.446302483008863,NA,NA,NA,NA,0.864183557387233,NA,NA
"cg25840352",NA,NA,NA,NA,NA,NA,NA,NA,NA,NA,NA,-0.0104509376291805,NA,NA,NA
"cg27311945",NA,NA,NA,NA,NA,NA,NA,NA,NA,NA,NA,-0.390943637218909,NA,NA,NA
"cg05552755",NA,NA,NA,NA,NA,NA,NA,NA,NA,NA,NA,-0.124101790327759,NA,NA,NA
"cg05575054",NA,NA,NA,NA,NA,NA,NA,NA,NA,NA,NA,0.254062298364158,NA,NA,NA
"cg04969475",NA,NA,NA,NA,NA,NA,NA,NA,NA,NA,NA,NA,0.106249649339101,NA,NA
"cg26140588",NA,NA,NA,NA,NA,NA,NA,NA,NA,NA,-0.112489808160617,NA,NA,NA,NA
"cg05894516",NA,NA,NA,NA,NA,NA,NA,NA,NA,NA,NA,NA,-0.139505227434911,NA,NA
"cg08938906",NA,NA,NA,NA,NA,NA,NA,NA,NA,NA,NA,-0.118553620828221,NA,NA,NA
"cg09025625",NA,NA,NA,NA,NA,NA,NA,NA,NA,NA,NA,-0.93558890609697,NA,NA,NA
"cg07356745.2",NA,NA,NA,NA,NA,NA,NA,NA,NA,NA,NA,NA,-0.0248537443775692,NA,NA
"cg08606767",NA,NA,NA,NA,NA,NA,NA,NA,NA,NA,NA,NA,-0.296308278619519,NA,NA
"cg10108237",NA,NA,NA,NA,NA,NA,NA,NA,NA,NA,NA,0.751133894506161,NA,NA,NA
"cg10932638",NA,NA,NA,NA,NA,NA,NA,NA,NA,NA,NA,0.0905116963244823,NA,NA,NA
"cg11848212",NA,NA,NA,NA,NA,NA,NA,NA,NA,NA,NA,1.43761166034265,NA,NA,NA
"cg12497410",NA,NA,NA,NA,NA,NA,NA,NA,NA,NA,NA,0.0730789558485292,NA,NA,NA
"cg13043904",NA,NA,NA,NA,NA,NA,NA,NA,NA,NA,NA,0.322632561322119,NA,NA,NA
"cg14596661",NA,NA,NA,NA,NA,NA,NA,NA,NA,NA,NA,NA,-0.0547556675141301,NA,NA
"cg15416058",NA,NA,NA,NA,NA,NA,NA,NA,NA,NA,NA,NA,0.0568495474657694,NA,NA
"cg17179896",NA,NA,NA,NA,NA,NA,NA,NA,NA,NA,NA,NA,0.575678902597944,NA,NA
"cg18166817",NA,NA,NA,NA,NA,NA,NA,NA,NA,NA,NA,NA,-0.536599454615042,NA,NA
"cg15986005",NA,NA,NA,NA,NA,NA,NA,NA,NA,NA,NA,-0.290556025864201,NA,NA,NA
"cg16678811",NA,NA,NA,NA,NA,NA,NA,NA,NA,NA,NA,-0.0579202388370868,NA,NA,NA
"cg17030233",NA,NA,NA,NA,NA,NA,NA,NA,NA,NA,NA,0.744204789781718,NA,NA,NA
"cg19854621",NA,NA,NA,NA,NA,NA,NA,NA,NA,NA,NA,NA,-0.255140289156842,NA,NA
"cg17378626",NA,NA,NA,NA,NA,NA,NA,NA,NA,NA,NA,-1.06736040735701,NA,NA,NA
"cg17938265",NA,NA,NA,NA,NA,NA,NA,NA,NA,NA,NA,0.902038356005915,NA,NA,NA
"cg17942396",NA,NA,NA,NA,NA,NA,NA,NA,NA,NA,NA,-0.0639053386149058,NA,NA,NA
"cg18922837",NA,NA,NA,NA,NA,NA,NA,NA,NA,NA,NA,-0.135003044960994,NA,NA,NA
"cg13060540",NA,NA,NA,NA,NA,NA,NA,NA,NA,NA,-0.0194701639466859,NA,NA,NA,NA
"cg06900718",NA,NA,NA,NA,NA,NA,NA,NA,NA,0.125208049455804,NA,NA,NA,NA,NA
"cg07339555",NA,NA,NA,NA,NA,NA,NA,NA,NA,0.0108664528875495,NA,NA,NA,NA,NA
"cg26026687",NA,NA,NA,NA,NA,NA,NA,NA,NA,NA,NA,NA,-0.0479029770807842,NA,NA
"cg14372662",NA,NA,NA,NA,NA,NA,NA,NA,NA,NA,-0.696617734294924,NA,NA,NA,NA
"cg27325093",NA,NA,NA,NA,NA,NA,NA,NA,NA,NA,-0.242633192416144,-0.00725448518135613,NA,NA,NA
"cg24934277",NA,NA,NA,NA,NA,NA,NA,NA,NA,-0.519220587180179,NA,NA,NA,NA,NA
"cg22803928",NA,NA,NA,NA,NA,NA,NA,NA,NA,NA,NA,0.00520992892979716,NA,NA,NA
"cg01043501",NA,NA,NA,NA,NA,NA,NA,NA,NA,NA,NA,-0.0105571957663573,NA,NA,NA
"cg09166627",NA,NA,NA,NA,NA,NA,NA,NA,NA,0.692424272492445,NA,NA,NA,NA,NA
"cg02681442",NA,NA,NA,NA,NA,NA,NA,NA,NA,NA,NA,0.155578891280565,NA,NA,NA
"cg02915968",NA,NA,NA,NA,NA,NA,NA,NA,NA,NA,NA,-0.309675280456793,NA,NA,NA
"cg23398642",NA,NA,NA,NA,NA,NA,NA,NA,NA,NA,-0.258084619111141,NA,NA,NA,NA
"cg23424255",NA,NA,NA,NA,NA,NA,NA,NA,NA,NA,-0.470733376650896,NA,NA,NA,NA
"cg27122431",NA,NA,NA,NA,NA,NA,NA,NA,NA,NA,NA,0.0358757173596199,NA,NA,NA
"cg14903956",NA,NA,NA,NA,NA,NA,NA,NA,NA,-0.0119601557524312,-0.335311893751774,NA,NA,NA,NA
"cg05928030",NA,NA,NA,NA,NA,NA,NA,NA,NA,NA,NA,-0.353497222725452,NA,NA,NA
"cg14671961",NA,NA,NA,NA,NA,NA,NA,NA,NA,-0.0807170093984856,NA,NA,NA,NA,NA
"cg08124155",NA,NA,NA,NA,NA,NA,NA,NA,NA,NA,NA,-0.481735954056597,NA,NA,NA
"cg27605823",NA,NA,NA,NA,NA,NA,NA,NA,NA,NA,-0.0809222103359434,NA,NA,NA,NA
"cg00473176",NA,NA,NA,NA,NA,NA,NA,NA,NA,NA,-0.00472069542116139,NA,NA,NA,NA
"cg09624466",NA,NA,NA,NA,NA,NA,NA,NA,NA,NA,NA,0.177712029441837,NA,NA,NA
"cg09769045",NA,NA,NA,NA,NA,NA,NA,NA,NA,NA,NA,-0.139688716128728,NA,NA,NA
"cg02273345",NA,NA,NA,NA,NA,NA,NA,NA,NA,NA,-0.0864760073238177,NA,NA,NA,NA
"cg03122810",NA,NA,NA,NA,NA,NA,NA,NA,NA,NA,-0.14982917677779,NA,NA,NA,NA
"cg05366673",NA,NA,NA,NA,NA,NA,NA,NA,NA,NA,-0.012309196458331,NA,NA,NA,NA
"cg05884078",NA,NA,NA,NA,NA,NA,NA,NA,NA,NA,-0.234024685033684,NA,NA,NA,NA
"cg07404009",NA,NA,NA,NA,NA,NA,NA,NA,NA,NA,-0.211094582619204,NA,NA,NA,NA
"cg13325480",NA,NA,NA,NA,NA,NA,NA,NA,NA,NA,NA,-0.219424881067309,NA,NA,NA
"cg14227010",NA,NA,NA,NA,NA,NA,NA,NA,NA,NA,NA,-1.58370007942501,NA,NA,NA
"cg14241460",NA,NA,NA,NA,NA,NA,NA,NA,NA,NA,NA,4.55351321870061,NA,NA,NA
"cg15932297",NA,NA,NA,NA,NA,NA,NA,NA,NA,NA,NA,1.12238218112021,NA,NA,NA
"cg08981690",NA,NA,NA,NA,NA,NA,NA,NA,NA,NA,-0.106798588873961,NA,NA,NA,NA
"cg10354132",NA,NA,NA,NA,NA,NA,NA,NA,NA,NA,-0.19979960064858,NA,NA,NA,NA
"cg10629958",NA,NA,NA,NA,NA,NA,NA,NA,NA,NA,-0.194576457005753,NA,NA,NA,NA
"cg17172158",NA,NA,NA,NA,NA,NA,NA,NA,NA,NA,NA,-0.109897289880363,NA,NA,NA
"cg11329836",NA,NA,NA,NA,NA,NA,NA,NA,NA,NA,-0.217004374822685,NA,NA,NA,NA
"cg11978813",NA,NA,NA,NA,NA,NA,NA,NA,NA,NA,-0.243452118488998,NA,NA,NA,NA
"cg12053353",NA,NA,NA,NA,NA,NA,NA,NA,NA,NA,-0.00853952317428375,NA,NA,NA,NA
"cg12600648",NA,NA,NA,NA,NA,NA,NA,NA,NA,NA,-0.125707748911383,NA,NA,NA,NA
"cg22040780",NA,NA,NA,NA,NA,NA,NA,NA,NA,0.0518426109097684,NA,NA,NA,NA,NA
"cg22416332",NA,NA,NA,NA,NA,NA,NA,NA,NA,-0.0941988754778594,NA,NA,NA,NA,NA
"cg22603530",NA,NA,NA,NA,NA,NA,NA,NA,NA,-0.267393916672933,NA,NA,NA,NA,NA
"cg24145886",NA,NA,NA,NA,NA,NA,NA,NA,NA,NA,NA,0.192650126179733,NA,NA,NA
"cg07410014",NA,NA,NA,NA,NA,NA,NA,NA,NA,0.000912751040510373,NA,NA,NA,NA,NA
"cg22423049",NA,NA,NA,NA,NA,NA,NA,NA,NA,NA,NA,-0.0946415991248104,NA,NA,NA
"cg24287791",NA,NA,NA,NA,NA,NA,NA,-0.618630055341914,NA,NA,NA,NA,NA,NA,NA
"cg18054695",NA,NA,NA,NA,NA,NA,NA,NA,NA,NA,-0.059368848763742,NA,NA,NA,NA
"cg23270774",NA,NA,NA,NA,NA,NA,NA,NA,NA,NA,NA,-0.323051835612574,NA,NA,NA
"cg26313355",NA,NA,NA,NA,NA,NA,NA,NA,NA,-0.0987168133761066,NA,NA,NA,NA,NA
"cg24840164",NA,NA,NA,NA,NA,NA,NA,NA,NA,NA,NA,-0.0813953931367994,NA,NA,NA
"cg25529140",NA,NA,NA,NA,NA,NA,NA,NA,NA,NA,NA,-0.303189426672006,NA,NA,NA
"cg12744573",NA,NA,NA,NA,NA,NA,NA,NA,NA,0.0354910841573815,NA,NA,NA,NA,NA
"cg13288931",NA,NA,NA,NA,NA,NA,NA,NA,NA,0.108517869881824,NA,NA,NA,NA,NA
"cg23793099",NA,NA,NA,NA,NA,NA,NA,NA,NA,NA,0.571786568857609,NA,NA,NA,NA
"cg23839215",NA,NA,NA,NA,NA,NA,NA,NA,NA,NA,-4.61814122304321,NA,NA,NA,NA
"cg00008998",NA,NA,NA,NA,NA,NA,NA,NA,NA,NA,-0.0337892172337432,NA,NA,NA,NA
"cg22572209",NA,NA,NA,NA,NA,NA,NA,NA,-0.377364138991138,NA,NA,NA,NA,NA,NA
"cg00253867",NA,NA,NA,NA,NA,NA,NA,NA,NA,NA,-0.0735289286254348,NA,NA,NA,NA
"cg15219830",NA,NA,NA,NA,NA,NA,NA,NA,NA,0.0596805671389635,NA,NA,NA,NA,NA
"cg25254739",NA,NA,NA,NA,NA,NA,NA,NA,-0.176860749966187,-0.0994903415454165,NA,NA,NA,NA,NA
"cg00907438",NA,NA,NA,NA,NA,NA,NA,NA,NA,NA,-0.237205335337985,NA,NA,NA,NA
"cg01608469",NA,NA,NA,NA,NA,NA,NA,NA,NA,NA,-0.529794977126948,NA,NA,NA,NA
"cg15794906",NA,NA,NA,NA,NA,NA,NA,NA,NA,0.447004188749707,NA,NA,NA,NA,NA
"cg00162625",NA,NA,NA,NA,NA,NA,NA,NA,NA,-0.0438590443662488,NA,NA,NA,NA,NA
"cg00220188",NA,NA,NA,NA,NA,NA,NA,NA,NA,0.446480034126138,NA,NA,NA,NA,NA
"cg00952468",NA,NA,NA,NA,NA,NA,NA,NA,NA,-0.253088580375377,NA,NA,NA,NA,NA
"cg01413040",NA,NA,NA,NA,NA,NA,NA,NA,NA,-0.127250471120957,NA,NA,NA,NA,NA
"cg07645671",NA,NA,NA,NA,NA,NA,NA,NA,NA,NA,-0.0198629013483808,NA,NA,NA,NA
"cg08253452",NA,NA,NA,NA,NA,NA,NA,NA,NA,NA,-0.175898857439096,NA,NA,NA,NA
"cg08489723",NA,NA,NA,NA,NA,NA,NA,NA,NA,NA,-1.33681684479403,NA,NA,NA,NA
"cg08639418",NA,NA,NA,NA,NA,NA,NA,NA,NA,NA,-0.133032446340816,NA,NA,NA,NA
"cg03361732",NA,NA,NA,NA,NA,NA,NA,NA,NA,-0.0109476471258617,NA,NA,NA,NA,NA
"cg03517030",NA,NA,NA,NA,NA,NA,NA,NA,NA,0.225614491248444,NA,NA,NA,NA,NA
"cg03529162",NA,NA,NA,NA,NA,NA,NA,NA,NA,-0.13429317078887,NA,NA,NA,NA,NA
"cg10830920",NA,NA,NA,NA,NA,NA,NA,NA,NA,NA,-0.644598459925767,NA,NA,NA,NA
"cg03732545",NA,NA,NA,NA,NA,NA,NA,NA,NA,-1.38219085106379,NA,NA,NA,NA,NA
"cg21155517",NA,NA,NA,NA,NA,NA,NA,NA,NA,-0.149537433338566,NA,NA,NA,NA,NA
"cg03866292",NA,NA,NA,NA,NA,NA,NA,NA,NA,0.00803685802027852,NA,NA,NA,NA,NA
"cg03929725",NA,NA,NA,NA,NA,NA,NA,NA,NA,-0.362318983349118,NA,NA,NA,NA,NA
"cg11260459",NA,NA,NA,NA,NA,NA,NA,NA,-0.416173389413449,NA,NA,NA,NA,NA,NA
"cg20224427",NA,NA,NA,NA,NA,NA,NA,-0.0273986893011872,NA,NA,NA,NA,NA,NA,NA
"cg20367883",NA,NA,NA,NA,NA,NA,NA,-0.194208177764897,NA,NA,NA,NA,NA,NA,NA
"cg14297905",NA,NA,NA,NA,NA,NA,NA,NA,NA,NA,-0.147137699754596,NA,NA,NA,NA
"cg22861867",NA,NA,NA,NA,NA,NA,NA,NA,NA,1.51454450200203,NA,NA,NA,NA,NA
"cg16839842",NA,NA,NA,NA,NA,NA,NA,NA,NA,NA,-0.00161400663319572,NA,NA,NA,NA
"cg23211292",NA,NA,NA,NA,NA,NA,NA,NA,0.170868040380062,NA,NA,NA,NA,NA,NA
"cg08352408",NA,NA,NA,NA,NA,NA,NA,NA,NA,1.03375232474547e-05,NA,NA,NA,NA,NA
"cg20167424",NA,NA,NA,NA,NA,NA,NA,NA,NA,NA,-0.311739101856024,NA,NA,NA,NA
"cg25959150",NA,NA,NA,NA,NA,NA,NA,-0.111688008052319,NA,NA,NA,NA,NA,NA,NA
"cg21816480",NA,NA,NA,NA,NA,NA,NA,NA,NA,NA,0.951609549384154,NA,NA,NA,NA
"cg22710034",NA,NA,NA,NA,NA,NA,NA,NA,NA,NA,-0.108741036963476,NA,NA,NA,NA
"cg16208774",NA,NA,NA,NA,NA,NA,NA,NA,NA,-0.078330997760997,NA,NA,NA,NA,NA
"cg16468121",NA,NA,NA,NA,NA,NA,NA,NA,NA,-0.166122094021543,NA,NA,NA,NA,NA
"cg16496042",NA,NA,NA,NA,NA,NA,NA,NA,0.171613076593582,NA,NA,NA,NA,NA,NA
"cg14022830",NA,NA,NA,NA,NA,NA,NA,NA,NA,-0.29835826985438,NA,NA,NA,NA,NA
"cg26109480",NA,NA,NA,NA,NA,NA,NA,NA,NA,NA,-0.000257280580117322,NA,NA,NA,NA
"cg02507211",NA,NA,NA,NA,NA,NA,NA,NA,NA,0.0278607586353439,NA,NA,NA,NA,NA
"cg26284526",NA,NA,NA,NA,NA,NA,NA,NA,NA,NA,-0.321210095043158,NA,NA,NA,NA
"cg18804410",NA,NA,NA,NA,NA,NA,NA,NA,NA,0.103777309474638,NA,NA,NA,NA,NA
"cg15444277",NA,NA,NA,NA,NA,NA,NA,NA,NA,0.0436408363685329,NA,NA,NA,NA,NA
"cg07279255",NA,NA,NA,NA,NA,NA,NA,0.328931072792226,NA,0.670502757906244,NA,NA,NA,NA,NA
"cg15574290",NA,NA,NA,NA,NA,NA,NA,NA,NA,0.115137842599112,NA,NA,NA,NA,NA
"cg01187271",NA,NA,NA,NA,NA,NA,NA,-0.244571109719909,NA,NA,NA,NA,NA,NA,NA
"cg16124154",NA,NA,NA,NA,NA,NA,NA,NA,NA,0.0213481566830112,NA,NA,NA,NA,NA
"cg21608575",NA,NA,NA,NA,NA,NA,NA,NA,NA,-0.0618154394936434,NA,NA,NA,NA,NA
"cg21906352",NA,NA,NA,NA,NA,NA,NA,NA,NA,0.459381954695456,NA,NA,NA,NA,NA
"cg16882525",NA,NA,NA,NA,NA,NA,NA,NA,NA,0.491572988491293,NA,NA,NA,NA,NA
"cg02129856",NA,NA,NA,NA,NA,NA,NA,NA,NA,0.0280035889801626,NA,NA,NA,NA,NA
"cg02150961",NA,NA,NA,NA,NA,NA,NA,NA,NA,-0.226654218480136,NA,NA,NA,NA,NA
"cg22621796",NA,NA,NA,NA,NA,NA,NA,NA,NA,0.336463046531363,NA,NA,NA,NA,NA
"cg03085921",NA,NA,NA,NA,NA,NA,NA,NA,NA,0.121638250877226,NA,NA,NA,NA,NA
"cg07436962",NA,NA,NA,NA,NA,NA,NA,NA,NA,-0.00679045802542274,NA,NA,NA,NA,NA
"cg19115789",NA,NA,NA,NA,NA,NA,NA,NA,NA,0.227657436971121,NA,NA,NA,NA,NA
"cg19169532",NA,NA,NA,NA,NA,NA,NA,NA,NA,-0.0486190171778601,NA,NA,NA,NA,NA
"cg03665271",NA,NA,NA,NA,NA,NA,NA,NA,NA,1.60423514423655,NA,NA,NA,NA,NA
"cg20431797",NA,NA,NA,NA,NA,NA,NA,NA,NA,0.00708052007036762,NA,NA,NA,NA,NA
"cg13311046",NA,NA,NA,NA,NA,NA,NA,-0.487531934549606,NA,NA,NA,NA,NA,NA,NA
"cg11065917",NA,NA,NA,NA,NA,NA,NA,NA,NA,-0.206661721888207,NA,NA,NA,NA,NA
"cg01655814",NA,NA,NA,NA,NA,NA,NA,-0.141092955425937,NA,NA,NA,NA,NA,NA,NA
"cg04290831",NA,NA,NA,NA,NA,NA,NA,-0.100597800795982,NA,NA,NA,NA,NA,NA,NA
"cg04758190",NA,NA,NA,NA,NA,NA,NA,-0.158371701034997,NA,NA,NA,NA,NA,NA,NA
"cg19334246",NA,NA,NA,NA,NA,NA,NA,NA,-0.363521998116165,NA,NA,NA,NA,NA,NA
"cg14259906",NA,NA,NA,NA,NA,NA,NA,NA,NA,0.181810505240552,NA,NA,NA,NA,NA
"cg22316499",NA,NA,NA,NA,NA,NA,NA,-0.296411277785967,NA,NA,NA,NA,NA,NA,NA
"cg15116007",NA,NA,NA,NA,NA,NA,NA,NA,NA,-0.00298897218971058,NA,NA,NA,NA,NA
"cg10427592",NA,NA,NA,NA,NA,NA,NA,-0.569415068571501,NA,NA,NA,NA,NA,NA,NA
"cg25273233",NA,NA,NA,NA,NA,NA,NA,NA,NA,0.0738207353162067,NA,NA,NA,NA,NA
"cg08521601",NA,NA,NA,NA,NA,NA,NA,NA,NA,-0.284382148609024,NA,NA,NA,NA,NA
"cg00900456",NA,NA,NA,NA,NA,NA,NA,-0.303712886220648,NA,NA,NA,NA,NA,NA,NA
"cg10201451",NA,NA,NA,NA,NA,NA,NA,NA,NA,-0.111293697514832,NA,NA,NA,NA,NA
"cg01445252",NA,NA,NA,NA,NA,NA,NA,-0.130446334855609,NA,NA,NA,NA,NA,NA,NA
"cg13884229",NA,NA,NA,NA,NA,NA,NA,-0.0337767311630639,NA,NA,NA,NA,NA,NA,NA
"cg15804503",NA,NA,NA,NA,NA,NA,NA,-0.0284911635163798,NA,NA,NA,NA,NA,NA,NA
"cg18480996",NA,NA,NA,NA,NA,NA,NA,NA,NA,-0.302263252018058,NA,NA,NA,NA,NA
"cg17185827",NA,NA,NA,NA,NA,NA,NA,NA,NA,-0.210818679357445,NA,NA,NA,NA,NA
"cg17616139",NA,NA,NA,NA,NA,NA,NA,NA,NA,-0.726429034388141,NA,NA,NA,NA,NA
"cg18016365",NA,NA,NA,NA,NA,NA,NA,NA,NA,1.32461431379763,NA,NA,NA,NA,NA
"cg19570901",NA,NA,NA,NA,NA,NA,NA,NA,NA,-0.0178867924607829,NA,NA,NA,NA,NA
"cg24023187",NA,NA,NA,NA,NA,NA,NA,NA,NA,0.217851079053091,NA,NA,NA,NA,NA
"cg00192066",NA,NA,NA,NA,NA,NA,NA,0.308045585005659,NA,NA,NA,NA,NA,NA,NA
"cg15469181",NA,NA,NA,NA,NA,NA,NA,NA,NA,-0.023277858289129,NA,NA,NA,NA,NA
"cg22069272",NA,NA,NA,NA,NA,NA,NA,-0.448836444161094,NA,NA,NA,NA,NA,NA,NA
"cg12397506",NA,NA,NA,NA,NA,NA,NA,-0.0624307856268701,NA,NA,NA,NA,NA,NA,NA
"cg27228973",NA,NA,NA,NA,NA,NA,NA,NA,NA,-2.68636135704205,NA,NA,NA,NA,NA
"cg27338130",NA,NA,NA,NA,NA,NA,NA,-0.812229055257707,NA,NA,NA,NA,NA,NA,NA
"cg11899185",NA,NA,NA,NA,NA,NA,NA,-0.0180408936078523,NA,NA,NA,NA,NA,NA,NA
"cg08001104",NA,NA,NA,NA,NA,NA,NA,-0.000559882978233828,NA,NA,NA,NA,NA,NA,NA
"cg22660876",NA,NA,NA,NA,NA,NA,NA,NA,1.03997421416664,NA,NA,NA,NA,NA,NA
"cg07258946",NA,NA,NA,NA,NA,NA,NA,-0.14665385066472,NA,NA,NA,NA,NA,NA,NA
"cg26632664",NA,NA,NA,NA,NA,NA,NA,-0.0450616814268803,NA,NA,NA,NA,NA,NA,NA
"cg25579908",NA,NA,NA,NA,NA,NA,NA,NA,NA,-0.548013766389456,NA,NA,NA,NA,NA
"cg25830020",NA,NA,NA,NA,NA,NA,NA,-1.7281645422496,NA,NA,NA,NA,NA,NA,NA
"cg11022085",NA,NA,NA,NA,NA,NA,NA,0.0941210671480886,NA,NA,NA,NA,NA,NA,NA
"cg07707172",NA,NA,NA,NA,NA,NA,NA,-0.431802405303544,NA,NA,NA,NA,NA,NA,NA
"cg09622321",NA,NA,NA,NA,NA,NA,NA,-0.245057367878316,NA,NA,NA,NA,NA,NA,NA
